earnings,schooling,ability,scholarship
9.8298,16,1.2336,1
8.7454,12,0.03,0
8.712,14,0.5977,0
9.099,16,-0.0372,1
8.6737,11,-1.1006,0
9.2677,14,-0.1369,1
8.5457,9,-1.7047,0
8.8198,13,-0.5709,1
9.2868,13,0.0214,0
8.895,14,-0.3928,0
8.2883,10,-0.1527,0
9.0283,14,0.9294,0
9.1095,13,-0.3628,1
8.5819,11,-0.8366,0
8.9213,14,-0.4898,1
9.2997,16,-0.1089,1
8.9114,13,-0.1425,1
8.3789,10,-0.703,0
9.1874,15,0.8683,0
9.1078,14,-0.5802,1
9.0885,11,0.0008,0
9.0084,14,0.3885,1
9.5923,14,0.4612,1
8.5289,10,-1.7691,0
9.3871,16,0.4973,1
9.076,15,0.1089,1
9.2003,11,-0.6008,0
9.1673,14,1.347,0
8.9309,12,-0.3037,0
9.192,11,-1.0809,1
8.9845,12,0.3914,0
8.9581,11,0.4607,0
9.4194,14,0.2377,1
8.3044,8,-2.0475,0
8.6898,11,-0.2448,0
8.552,11,-1.6659,0
9.0481,13,0.1673,0
9.452,15,1.4418,0
8.7494,11,-0.8962,1
9.5427,16,1.0937,1
9.2864,13,-0.2167,0
9.3858,16,1.7364,1
9.1176,14,1.5201,0
8.7423,10,0.439,0
9.0425,12,-0.974,0
8.937,14,-0.4959,1
8.9799,11,-1.692,1
9.272,15,-0.6312,0
8.6869,12,-1.9156,1
9.1442,14,1.5174,0
9.5219,17,0.9037,1
9.0745,13,0.5802,0
8.8389,12,-0.5823,1
8.7651,11,-1.0494,0
8.8442,12,0.1168,0
9.9742,17,1.7147,1
8.8673,12,-0.7382,1
9.1922,14,-0.4354,0
8.7301,13,-0.5164,1
8.8949,14,0.1101,1
9.5399,16,0.519,0
8.3703,9,-1.6328,0
9.0112,14,-0.874,1
8.6756,12,-1.3591,1
8.3624,13,-1.4683,1
9.0651,11,-0.2006,0
9.3047,15,0.884,1
8.6152,12,-1.2672,0
9.3005,14,0.9811,1
9.0082,10,-0.0578,0
9.2849,15,-0.6532,1
9.4017,13,0.1595,1
9.6034,15,1.1082,1
8.9804,10,-1.8645,0
8.9483,13,-1.0229,0
8.3147,10,-0.5392,0
9.5985,13,0.6808,0
8.7232,8,-2.5956,0
8.4621,10,-0.4956,0
9.1841,14,-0.1114,1
8.968,14,0.7592,0
8.9157,14,-0.0565,1
8.6905,12,-0.1029,0
9.4138,15,1.2449,1
8.6299,13,-1.2153,1
9.3478,13,0.3194,0
8.7694,11,-1.6955,1
9.1705,13,0.3997,1
7.9274,6,-2.3304,0
8.5603,10,-2.0093,0
8.8066,13,-0.5539,0
9.1463,12,0.3846,1
9.0592,14,0.7223,0
8.889,12,-0.7058,1
9.5456,18,2.1053,1
8.3312,8,-2.0196,1
9.1655,14,0.6808,1
9.3147,12,-0.3844,0
9.203,11,-0.6545,0
9.0063,12,-0.3097,0
9.4893,16,-0.1472,1
9.1662,15,1.0513,0
8.9464,13,-0.8884,1
8.8595,11,-0.8491,0
9.1548,11,-0.652,0
9.1053,13,0.2854,1
9.3826,18,0.8856,1
9.535,16,1.8274,1
8.4594,8,-2.4355,0
8.6603,12,-1.6366,0
8.6318,11,-1.3449,1
8.8272,13,0.2615,0
8.9229,15,0.4866,1
8.8272,10,-1.1281,0
8.7299,12,0.8772,0
8.8632,14,-0.3765,1
8.4916,12,-0.7957,1
9.1063,12,-0.7624,0
8.8675,11,-0.9284,0
8.6127,11,-0.1848,0
8.3522,10,0.0982,0
8.7137,12,-0.4212,1
9.2431,14,1.8129,0
8.7439,9,-0.9682,0
9.3358,14,2.1865,0
8.8946,12,-0.1812,0
9.4543,16,2.0878,0
9.2311,17,0.9519,1
8.9792,14,1.365,0
8.6008,11,0.7702,0
8.4082,9,-1.855,0
8.9687,14,-0.2479,1
8.85,10,-0.5367,0
9.7504,17,1.7732,0
9.0501,13,0.4834,0
9.1012,14,0.6463,0
8.6467,12,-1.601,1
9.0815,14,-0.349,0
9.2121,12,0.1824,0
8.8896,11,0.2846,0
9.1426,14,0.0891,1
8.8899,14,0.8291,0
9.6131,16,1.2491,1
8.5462,10,-1.5482,0
8.3782,10,-1.3947,0
9.1016,13,-0.2669,0
8.695,9,-0.1089,0
8.5094,9,-0.3023,0
8.8434,14,-0.4454,1
8.5737,11,-1.7314,1
8.7839,12,-0.0544,0
8.5743,10,-0.2314,0
8.8084,13,-0.5238,1
8.6953,13,-1.0263,1
9.1961,16,2.1511,1
8.8309,13,-0.6898,1
8.4945,10,-0.7783,0
8.8196,10,0.3951,0
9.2995,14,0.5192,0
9.0256,14,-0.3613,1
9.4651,16,1.4065,1
9.0717,16,0.6669,1
8.638,11,-1.6256,0
9.5729,13,1.0406,0
9.2516,14,0.3759,1
9.8008,15,1.455,1
8.4971,10,-1.6235,1
9.0546,14,0.5333,1
8.8008,13,-0.8105,1
9.0442,14,0.1018,0
9.5212,15,1.0497,0
9.1446,15,-0.1098,1
8.7501,12,0.02,0
9.2023,15,0.9224,1
9.1236,13,1.0061,0
9.2709,13,0.1965,1
8.718,11,-0.644,1
9.474,16,0.7645,1
8.8916,15,0.2853,1
9.1186,14,1.7665,0
8.573,11,-1.1388,1
8.2384,9,-1.6033,1
9.3933,15,0.9563,0
9.0967,14,0.3225,1
9.5605,14,0.3242,1
9.3723,14,0.6324,0
9.2404,13,-1.1191,0
9.0005,13,-0.3675,1
9.0809,12,-0.7933,1
9.0383,12,0.7126,0
8.9157,12,-1.2463,1
9.4713,16,-0.0983,1
8.7634,13,-0.8015,1
9.2365,14,0.1349,1
9.4625,17,0.7438,1
9.4851,14,0.4862,1
8.9233,14,0.1819,0
8.7127,11,-0.9312,0
9.2477,12,-0.5422,0
9.252,12,-0.1783,0
9.3674,16,0.4893,1
8.7523,10,-0.4952,0
9.2502,14,-0.7528,1
9.5527,15,1.3692,0
8.4139,10,-2.0284,0
8.6443,8,-0.7812,0
9.2966,11,0.6397,0
8.6164,11,-0.8963,0
9.4218,13,0.2462,0
9.0849,14,-1.3409,1
9.2944,17,0.7719,1
8.5827,11,-0.8359,0
8.6522,12,-0.1291,0
9.3848,12,1.1887,0
9.0558,14,1.7471,0
9.5886,14,-0.7211,1
9.3011,16,0.2338,1
9.2997,14,1.3391,0
9.189,14,0.5245,0
9.7032,17,1.9045,1
9.241,17,0.8298,1
9.6667,16,1.2331,1
9.5052,16,1.0665,1
8.7167,11,-0.9072,0
9.2953,15,1.8294,1
9.1069,13,0.5394,0
9.6541,17,0.6304,1
8.4347,10,-2.3935,1
8.9164,10,-0.7936,0
9.2363,14,1.5636,1
8.2909,10,-0.9044,0
8.9686,15,-1.0843,1
8.8618,11,-0.569,0
9.6163,15,2.0286,0
8.7311,13,-0.0475,1
9.595,17,2.537,1
9.0108,14,-1.0158,1
9.5314,18,1.2579,1
9.2206,14,1.6871,0
8.2016,8,-1.5432,0
9.4359,14,0.57,0
8.9365,12,0.5573,0
9.1224,12,-0.1308,1
9.0554,14,1.2102,1
8.7773,13,-0.0847,0
8.8917,13,0.2067,0
9.5887,16,0.7212,1
9.4651,14,0.6886,1
9.182,13,0.4232,0
9.2506,14,1.3721,0
8.6476,10,-2.0402,1
8.9278,13,1.0852,0
8.981,14,1.4859,1
9.7325,18,1.9612,1
9.4597,13,0.4256,1
8.9037,12,-0.4122,0
8.5075,11,-1.3835,1
9.0571,13,0.1612,1
8.7893,13,-0.1167,0
9.1355,13,-0.5168,1
9.0592,11,-1.5468,0
9.1812,13,-1.2378,1
8.9788,11,-0.4179,0
8.8516,13,-0.0492,0
9.0433,11,0.5674,0
9.1515,16,0.9118,1
9.1985,15,-0.0704,1
8.9247,14,-0.3424,1
8.8551,12,-0.2665,0
9.0602,13,-0.5386,0
8.9828,14,-0.3085,1
9.574,17,0.9239,1
9.0115,12,-0.5771,1
8.9886,15,0.3356,1
9.4127,14,0.4834,1
9.0377,13,0.2215,0
8.6982,14,-0.6038,1
8.6734,11,-1.0723,0
9.1617,13,0.1414,0
8.6536,13,-0.3697,1
9.3279,15,1.5001,0
8.5704,10,-0.3721,0
9.1517,14,0.0187,1
8.9705,10,-0.7111,0
8.7469,9,0.1397,0
8.6802,11,-0.655,0
9.4544,15,1.3871,1
8.6964,10,-1.5424,0
9.1388,13,0.5601,1
8.8908,9,-1.7824,0
8.4817,9,-0.8753,0
9.6366,16,1.2854,0
8.8415,10,-1.9838,0
9.2329,14,-0.2339,1
8.8609,11,-0.445,1
8.9952,15,0.0838,1
8.8457,14,-0.0844,1
9.2746,14,0.3789,1
9.0735,11,-0.7036,0
8.91,14,-0.6098,1
8.8181,12,0.5365,1
9.1733,15,-0.2669,1
8.8149,10,-1.0088,0
8.7647,11,-0.3917,0
8.6666,12,-1.1174,1
8.9317,12,-1.0755,1
8.6042,11,-0.0838,0
9.1094,14,-0.1893,0
8.4394,10,-2.2267,1
8.5847,13,-1.3478,1
8.5708,12,-0.8011,1
9.2133,12,0.27,0
8.8829,14,-0.1727,1
8.8892,15,-0.1109,1
9.2394,15,0.1305,1
9.2553,14,0.9499,0
9.4673,14,0.9476,0
9.2499,15,1.9153,0
9.5746,14,0.3957,1
9.2528,16,-0.0582,1
9.1572,13,0.8881,0
8.4391,10,-0.7974,0
9.0171,12,-0.4424,1
9.1852,13,-0.0114,1
9.4716,17,0.5173,1
9.8973,19,2.4433,1
9.0968,14,0.753,0
9.391,15,0.6356,1
8.9384,10,0.1719,0
9.2364,14,0.1112,1
8.9818,14,1.4833,0
8.5036,10,-1.7093,0
9.036,15,0.3109,1
9.2918,14,0.0561,1
8.4668,9,-1.3878,0
9.7316,16,0.7464,1
8.6797,10,-0.8882,1
9.3397,16,1.0217,1
8.9264,12,0.0482,0
9.1908,13,-0.7088,1
9.5276,18,1.1232,1
9.4255,16,1.2662,1
9.5588,15,0.4137,1
9.1434,14,0.4211,0
8.6918,12,-1.6266,1
9.169,14,1.0042,0
9.6229,18,0.8655,1
9.5612,16,2.0082,0
9.0565,12,-0.1845,1
9.093,15,0.556,1
9.3171,14,0.1388,1
9.1699,11,0.5225,0
9.2876,15,1.3393,1
9.2703,15,-0.4649,1
9.0797,15,0.7604,0
8.869,11,-1.1139,1
8.7407,12,-0.5742,1
9.342,14,0.7614,1
8.4086,8,-1.7602,0
9.1114,13,-0.0308,1
9.4069,14,0.3616,0
9.2687,14,1.6645,0
9.6838,17,1.6665,1
9.2496,14,-0.253,1
8.5388,11,-0.9697,0
8.8205,14,-1.2806,1
8.8739,12,0.1546,0
9.2133,14,0.4486,1
8.8208,11,-0.5752,0
8.6301,11,-0.0719,0
9.1648,13,-0.2081,0
9.0955,12,0.5741,0
8.3454,8,-1.7956,0
8.6775,13,-0.7739,1
9.1551,13,-0.3325,1
9.2098,14,1.7816,0
9.133,14,0.5248,0
8.9171,10,-0.6482,0
8.7362,11,-0.8188,0
9.2534,16,1.2861,1
9.0577,14,0.0563,1
9.3682,14,1.2419,1
8.6476,10,-1.2568,1
8.8807,12,-0.7965,1
8.9252,16,0.7491,1
9.6023,16,2.1543,0
9.2956,14,0.163,1
8.9926,13,0.3321,0
8.5988,11,-0.4521,1
9.6859,15,1.2016,1
8.8463,14,-1.2492,1
9.5301,14,0.0078,1
8.8478,12,-0.2718,0
8.8077,11,-1.451,1
8.9152,14,0.5173,1
9.0275,13,-0.4054,1
8.9694,14,-0.2316,1
8.6216,9,-0.4337,0
9.2583,14,0.0306,1
9.0345,14,-0.7657,1
8.8255,9,-1.1745,0
9.3242,13,-0.0117,1
9.4881,16,1.0407,1
8.8299,13,-0.6038,1
8.8972,12,-0.9533,0
8.7758,11,-1.4121,0
8.4843,11,-0.1605,0
9.1865,17,1.7681,1
9.4793,15,1.7764,0
9.5477,15,0.611,1
9.1769,13,-1.2225,1
9.3002,14,2.0434,0
9.57,16,1.4188,1
8.908,12,-0.5461,0
9.4588,16,0.9295,1
8.583,12,-0.0579,0
9.0847,11,-1.3139,0
9.4845,13,-0.0906,1
9.289,12,0.6179,0
9.1268,14,-1.1093,1
8.8527,11,-0.5592,0
8.7617,11,-1.0362,0
8.2348,9,-1.5068,0
9.4181,15,1.1069,1
9.1099,11,0.0332,0
9.1203,14,-0.3575,1
9.3297,13,2.2128,0
9.0885,13,0.5553,0
9.4163,16,1.064,1
9.0355,12,-0.3042,0
8.7098,12,-0.9449,1
9.1684,14,1.6204,0
9.1051,11,-0.2864,0
8.8737,11,-0.2035,1
8.7257,13,-1.6591,1
8.803,11,-0.0053,0
9.7862,18,1.5844,1
9.6425,16,0.1544,1
9.7273,14,1.1664,1
8.708,12,0.045,0
8.8148,13,0.4046,0
8.6895,13,0.0644,0
9.1073,15,-0.0102,1
9.3974,14,-0.9357,1
8.9204,13,-0.979,1
8.7828,13,-0.4188,1
8.9115,14,0.532,0
9.534,15,0.7521,1
8.9274,11,-0.4731,0
8.96,12,0.9512,0
8.8902,10,-0.1091,0
9.5468,16,0.645,1
8.8318,9,-0.6774,0
8.9801,10,-0.5093,0
8.429,9,-0.8914,0
9.0875,13,-0.662,0
8.7388,12,-0.2384,0
8.6746,13,-0.6153,1
8.9038,14,-0.1647,1
8.4153,10,-1.8829,0
9.2604,15,-1.2247,1
9.506,14,0.6834,0
8.8507,13,-0.3165,0
9.2533,14,0.2903,1
8.5944,11,-2.0317,1
8.9102,12,0.3968,0
8.6078,10,-0.5144,0
8.7308,11,-0.7425,0
8.7401,11,-0.7066,0
9.4292,14,1.0755,1
9.2155,13,-0.311,1
8.7845,11,-1.4599,0
9.2054,13,0.165,1
8.722,10,-0.913,0
8.658,11,-0.8394,0
9.3607,14,0.2294,0
9.2558,13,0.2795,0
9.0238,13,0.3345,1
9.2853,16,0.0568,1
9.0519,14,-0.7033,1
8.9489,16,0.3451,1
8.4145,10,-0.3911,0
8.9972,14,-0.3149,1
8.8169,11,-0.9639,1
9.1883,16,0.5268,1
9.1926,14,0.2961,1
9.1521,13,-0.6113,0
8.5968,11,-0.2549,0
9.2659,14,0.1102,1
9.3917,15,0.6052,0
9.2264,15,0.4057,1
9.074,14,0.7811,0
8.9507,13,-0.3565,1
9.5355,13,0.0895,0
9.0196,12,-0.0829,0
9.4309,15,0.4607,0
9.1106,11,0.4486,0
8.9488,12,-0.7854,1
9.0601,14,-0.3284,1
8.8806,11,-1.7902,1
9.2329,13,0.7715,0
9.1047,13,-0.9546,1
9.1426,17,1.2838,1
9.2603,15,2.1466,0
8.8595,13,0.5456,0
8.3396,9,-1.1573,0
9.2625,14,0.6308,1
9.1253,15,0.2915,1
9.6451,16,1.3283,1
9.3577,16,1.763,1
9.4019,17,1.4523,1
9.0865,13,1.082,0
9.296,13,0.5161,0
8.9771,12,0.2662,1
8.5752,12,-0.6945,0
8.9419,13,-0.279,1
9.4041,16,0.8734,1
9.2385,17,0.1326,1
8.8085,11,-0.7557,0
9.2855,12,0.7147,0
9.0741,13,-1.1531,1
9.3369,12,1.0498,0
9.3203,15,-0.7338,1
8.9884,13,0.4058,0
9.0094,13,0.2861,0
8.7728,11,-0.3256,0
8.9445,14,-0.1873,1
9.2242,13,0.4178,0
8.986,14,-0.0342,1
9.0312,13,0.3691,1
8.8548,12,0.3588,0
9.5096,16,0.5844,1
9.2944,14,0.9725,1
8.9902,14,0.2743,1
9.2721,14,1.1739,0
9.178,13,0.1624,1
8.8064,11,-0.7289,0
8.8174,12,-0.1106,0
8.3474,10,-1.7739,0
9.012,16,0.2624,1
9.1379,15,1.6129,0
8.9629,13,0.0946,1
8.8513,11,-1.139,0
8.9676,14,-0.6713,1
8.9011,12,0.3964,0
8.8718,13,-1.5489,1
8.9004,13,-0.1996,0
9.2366,16,-0.718,1
8.9828,14,0.2192,0
9.209,14,1.7697,0
9.6549,16,1.0621,1
8.8467,11,-0.2257,0
9.0304,14,0.3461,1
9.2017,12,-1.1116,1
9.6854,17,1.86,1
9.0391,14,0.1478,1
9.0992,14,1.3305,0
9.2193,14,0.8128,0
8.8584,11,-1.6681,1
8.8095,12,-0.9609,0
9.5929,17,1.9979,0
9.1056,14,0.69,1
8.8547,13,-0.5492,1
8.6773,12,-0.0109,1
9.5192,15,2.2066,0
8.9353,13,0.3128,1
8.941,13,0.523,0
9.3578,13,-0.6482,1
8.8148,15,0.3952,1
9.4851,15,0.9983,1
9.064,12,0.1579,0
9.28,15,1.1,1
9.5744,17,1.2395,1
9.4747,15,1.1779,1
8.6071,9,-0.4193,0
8.7581,12,-0.0187,0
8.6692,10,-1.1237,0
9.1218,15,0.8571,1
8.7879,13,-0.074,0
9.2202,14,0.646,1
9.3166,14,0.6466,1
8.2016,8,-3.1046,0
9.6279,17,0.5298,1
8.4046,9,-0.8744,0
9.3773,15,0.9615,1
9.5365,14,1.2072,1
9.118,11,-0.4518,0
9.5041,16,0.9379,1
8.8854,13,-0.1238,0
9.313,13,-0.6565,1
8.9429,13,0.7433,0
9.0556,15,0.4954,1
8.4984,10,-1.6304,0
9.053,13,0.5434,0
8.4894,11,-1.7973,1
8.2943,11,-1.936,1
9.2486,15,2.257,0
8.8044,15,-0.8355,0
9.5892,16,0.755,1
9.6242,16,1.5093,1
9.7137,16,1.1728,1
9.1467,13,-0.3411,0
9.026,16,1.3782,1
8.7621,13,-0.4868,0
8.378,9,-2.3259,0
9.0349,12,0.5298,0
8.9272,13,0.744,0
8.9657,14,1.0116,0
8.5147,12,-1.6186,0
8.8943,12,-0.0752,0
8.9973,12,-1.6766,1
8.8731,12,-1.1206,1
8.7563,12,-0.0512,0
8.6227,11,-1.9932,0
8.7556,12,-1.3498,1
8.8454,15,0.0873,1
9.5307,18,1.163,1
9.3502,15,1.336,0
8.7448,14,-1.0908,1
9.304,11,0.5628,0
8.9343,13,-0.0714,1
8.5215,10,-2.0023,0
9.0,14,0.9411,1
8.8383,12,0.9054,0
8.4069,10,-1.3662,1
9.1087,12,1.0402,0
9.1523,14,-0.1805,0
9.2723,14,0.3597,0
9.2529,12,-0.6757,1
8.8371,12,-1.3951,1
8.7664,11,0.6253,0
8.855,12,-1.2361,1
9.1946,13,-1.2539,1
9.4885,18,1.3068,1
9.0936,13,0.9212,0
9.5595,13,-0.17,0
9.4111,15,1.4303,0
9.331,15,0.1942,1
9.0268,15,-1.1257,1
9.2409,15,-0.1078,1
9.0845,16,0.8766,1
8.7968,12,0.4595,0
9.5103,15,1.165,1
9.3331,13,0.5623,0
8.8976,13,0.7178,1
8.7975,11,-0.2623,0
9.5608,16,3.1747,0
8.7303,12,-0.3525,0
8.9275,10,-0.4567,0
8.7343,12,-1.3801,1
8.6723,9,-1.0148,0
9.3727,13,0.5288,0
8.6965,12,-0.4808,1
9.9816,19,3.7571,1
9.3078,16,0.7865,1
8.653,12,-0.8744,0
8.4731,10,-1.027,0
9.2892,16,1.0346,1
9.648,14,0.4597,1
9.2797,15,1.1402,1
8.5774,13,-1.1416,1
9.2507,16,0.8738,1
8.5302,11,-1.4834,0
8.5393,10,-1.8896,1
8.6418,8,-1.8591,0
9.1288,12,1.2408,0
9.1176,13,0.0416,1
9.2308,11,0.4048,0
8.1133,10,-2.4891,1
9.4048,14,0.2714,0
9.4573,16,1.2142,1
9.0866,14,0.0466,0
9.3513,16,1.1925,0
9.1257,13,-0.5889,0
8.8416,13,-0.8603,0
9.6301,15,1.9661,0
8.9943,13,-0.4966,1
8.7248,12,-0.9611,1
9.2542,14,-0.1211,1
9.2464,15,0.8435,0
9.1277,15,0.375,1
8.45,13,-1.4031,1
9.3453,15,0.2466,1
9.3674,12,0.037,0
8.8112,10,-0.9859,0
8.6652,11,-0.1272,0
9.0714,12,0.862,0
9.1115,12,-0.6862,0
9.3699,14,1.504,0
9.1946,10,-0.0839,1
8.9434,14,-0.0121,1
8.7824,14,-0.3069,1
9.6807,15,1.0219,1
8.9739,15,0.5325,1
8.5539,10,-1.8722,1
9.254,15,-0.1743,1
8.8032,11,-0.9246,1
8.6927,12,-0.9093,0
8.9788,14,0.7151,1
9.162,15,0.4531,1
9.5161,14,1.3065,0
8.7347,14,-0.267,1
8.4745,11,-1.1826,0
9.1816,15,0.9073,1
9.7753,16,1.6808,1
9.104,14,-0.3567,1
9.0636,15,0.5842,1
8.4878,8,-2.1594,1
9.0901,13,-0.4483,1
8.7779,11,-0.7877,0
9.5787,15,1.6697,0
9.0757,13,-1.072,1
8.8171,11,-0.8762,0
9.5177,15,0.7192,1
9.5667,17,1.0697,1
8.3949,10,-0.9744,0
8.9222,10,-0.8779,0
8.9188,12,-0.5109,1
8.869,10,-0.7746,0
8.9255,11,0.6179,0
8.9881,11,0.6653,0
9.2367,12,1.1501,0
8.9171,13,-0.666,1
8.9576,10,-0.1201,0
9.4502,13,0.7792,0
8.8553,13,-0.6293,1
8.8821,12,-0.0913,1
8.8172,10,-0.058,0
8.9757,14,0.154,1
9.6211,17,1.3486,1
9.2421,13,-0.3219,0
9.5154,14,1.2307,0
9.6921,16,2.1585,1
8.6205,10,-0.999,0
8.8334,8,-1.7251,0
8.9244,11,-0.7463,0
9.9717,15,1.757,0
9.4671,15,1.4235,1
8.9388,8,-0.605,0
8.7781,11,-0.3517,0
9.2502,16,0.4176,1
8.7431,11,-0.9791,0
9.4451,13,-0.228,1
9.0527,14,0.4932,1
9.0676,14,-0.0865,1
9.0505,12,-0.1172,1
8.8488,11,-0.2351,0
8.9975,12,-0.7971,0
8.9857,14,-0.6364,1
8.7883,12,-1.0904,1
9.3727,15,0.0158,1
9.302,13,0.1875,1
9.492,17,0.6381,1
9.1594,15,0.5698,0
9.2022,14,0.2264,1
9.4318,15,0.9012,0
8.7833,11,-1.1822,1
9.0111,12,0.0215,0
9.232,15,0.6352,1
9.0375,14,0.0498,1
9.0941,15,-0.003,0
8.8621,13,-0.2653,0
8.6695,12,-0.4978,1
9.5727,17,1.1734,1
9.3003,17,0.7285,1
8.7572,11,-0.7315,0
9.0217,11,0.1905,0
8.6094,11,0.0969,0
9.4928,18,1.4219,1
8.5428,9,-1.6355,0
9.2216,11,-0.1172,1
9.115,13,0.721,1
9.3246,13,1.0773,0
9.2934,15,1.8618,0
9.1997,14,-0.7022,1
9.0317,14,-0.7377,1
9.9046,19,2.1573,1
9.3373,13,1.3887,0
9.0708,13,-0.5296,1
9.5748,15,1.095,0
8.2564,11,-1.3668,1
9.238,13,0.4041,0
8.9935,14,-0.6251,1
9.2682,12,0.8388,0
8.7778,11,-1.6385,1
8.9563,13,-1.6008,1
8.904,10,-0.198,0
8.9843,14,-0.1675,1
9.509,16,0.7305,0
8.9518,11,0.4251,0
8.9583,11,-0.6307,0
8.8889,12,-0.0795,0
9.5768,14,0.4678,0
8.9553,13,-0.1401,1
9.2148,13,-0.4053,1
8.7121,14,-1.4781,1
9.0003,14,-0.2219,0
9.1916,12,-0.1232,1
8.7803,11,-1.1111,0
8.6208,13,-0.1588,0
9.5542,17,0.5291,1
8.9594,15,0.8825,1
8.0758,6,-2.3637,0
9.0858,13,0.5279,0
8.6494,11,-0.4225,0
8.6896,11,-1.7869,1
9.4492,15,1.2826,1
8.7019,10,-1.388,0
9.3315,14,-0.5017,0
8.9091,12,-1.5024,1
9.1794,15,0.0964,1
9.2481,12,0.5602,0
9.1709,17,1.6951,1
9.0769,13,-0.2936,0
8.9222,10,-0.3427,0
8.7426,11,-1.493,0
9.3096,17,0.6221,1
8.8842,14,0.0612,1
9.0171,15,-0.7163,1
8.6661,11,-0.5901,1
8.9164,13,-0.2541,1
8.6829,11,-0.7605,0
8.7362,10,-1.2843,0
8.8615,14,-1.2875,1
8.9972,14,1.0778,0
9.0762,13,-0.6015,1
9.0228,11,-0.2712,0
9.1926,13,-0.0507,1
9.1599,13,1.2594,1
9.007,11,-0.0022,0
9.2879,14,0.7637,0
9.385,17,1.4555,1
8.7548,14,-0.2568,1
9.1131,15,0.2559,1
8.9596,12,-0.4865,0
9.1331,15,-0.1225,1
9.1907,10,1.2068,0
9.2132,15,0.0941,1
8.8594,14,-0.4751,1
8.9399,15,0.1227,1
8.7318,10,-1.2057,0
8.5692,11,-0.9417,0
8.9847,15,-0.2648,1
9.5345,14,0.6133,0
9.46,17,1.3069,1
8.8322,11,-0.5222,0
8.6701,13,-0.2997,1
9.0617,13,1.3216,0
9.1697,13,1.024,0
9.131,15,0.8096,1
9.0954,13,0.1359,0
9.7308,17,2.035,1
8.765,8,-0.9696,0
8.6466,11,-2.395,0
8.8422,10,-1.1845,0
9.1102,11,0.1841,0
9.2454,11,-0.0085,0
8.6448,12,-1.1204,1
9.0737,12,0.6607,0
9.1805,15,0.6502,1
9.7067,15,1.041,0
9.0428,11,-0.134,0
8.7332,10,-1.4251,0
8.4581,10,-1.6724,0
8.745,12,-1.9618,1
9.2742,16,0.5935,1
8.9459,12,-1.0016,0
9.0802,12,0.5503,0
8.5775,11,-2.0281,1
9.3802,13,0.2108,0
9.3597,15,1.2104,1
9.591,17,1.676,1
9.307,12,0.0304,0
9.0785,12,-0.6765,1
8.6759,13,-1.3804,1
9.007,13,0.0114,1
8.6936,12,-0.4137,1
8.4361,11,0.2235,0
8.8455,12,0.06,0
9.2677,14,1.3313,0
8.828,11,0.0218,0
8.9722,13,0.4399,1
8.0549,10,-1.4204,0
8.4892,9,-1.9516,0
9.2872,16,0.639,1
8.8819,13,-0.5656,1
8.5211,11,0.5994,0
9.4213,15,-0.4873,1
8.9411,11,-2.0164,0
9.1822,15,-0.3813,1
8.7609,14,-0.6773,1
9.4207,15,0.1663,1
9.0982,13,0.7339,0
9.51,15,1.9308,0
9.4441,15,1.1048,1
9.0486,13,0.1147,1
9.0303,14,0.6531,1
8.6656,11,-0.7455,0
9.325,15,0.9347,1
8.9506,12,-0.9279,1
9.2329,15,0.8538,0
8.9119,15,0.6983,1
9.1217,14,0.2312,1
9.0456,12,-0.0466,0
9.0917,13,0.1867,0
9.9667,16,1.3969,1
8.971,14,0.9485,0
8.497,10,-1.3378,0
9.6013,15,1.2341,0
8.6383,12,-0.5141,0
9.0757,13,0.4058,0
9.5119,15,1.8457,0
9.034,15,-0.2057,1
8.9509,14,0.9078,0
8.9282,13,-0.415,1
9.5808,14,-0.2274,1
8.9778,12,0.7635,0
9.2475,15,1.4073,1
8.6296,12,-0.769,0
9.3849,15,1.0541,0
9.2448,15,0.5514,1
9.3474,13,0.9921,0
8.9554,14,-0.4534,1
9.4142,15,1.4531,0
8.4062,11,-1.3377,0
9.0759,13,-1.1604,1
8.8308,11,-0.5002,0
8.6407,9,-0.8489,0
8.8629,12,-0.0524,1
9.2703,13,-0.0153,0
9.0601,13,-0.9434,1
9.1088,11,-0.568,0
8.6415,11,-1.6806,0
8.5614,12,-0.5956,1
8.3872,9,-1.2889,0
9.0739,14,0.4839,0
8.5079,10,-0.2014,0
8.9977,14,-0.2258,1
8.3201,9,-1.7646,0
9.8642,19,2.4524,1
8.8001,10,0.1409,0
9.1725,13,0.7638,0
9.4792,16,0.9756,1
9.3204,14,1.8534,1
8.8605,12,-1.0006,1
9.1695,13,0.5474,1
8.9804,10,-0.2229,0
9.3471,11,-0.1712,0
9.3088,16,1.1351,0
9.2777,16,0.0564,1
8.9226,15,-0.0777,1
9.3814,15,1.1946,0
9.2215,14,-0.0257,1
8.7373,12,-1.3174,1
8.6904,10,-0.64,0
8.8885,9,-1.108,0
9.1395,15,0.9778,0
9.7948,14,0.6676,0
8.8696,10,-2.6751,0
9.2589,15,1.0701,0
8.8086,12,-0.2986,1
8.9326,12,0.4582,0
9.5179,16,0.754,1
8.9007,13,-0.4177,0
9.6007,14,1.3097,0
9.2845,13,1.4242,0
8.3805,8,-1.1948,0
8.7983,12,0.7592,1
8.8549,11,0.5379,0
8.9616,15,0.5424,1
9.0125,11,-0.1351,0
8.9959,13,1.1889,0
9.0183,13,0.2747,0
9.0229,13,-0.359,1
9.2862,16,1.7949,1
9.3739,15,0.4568,1
8.4249,9,-1.0212,0
9.3733,15,1.9977,0
8.6758,10,-1.0412,0
8.6532,12,-1.5059,1
9.2769,12,-0.5589,0
9.3127,19,1.5257,1
9.0928,13,1.2283,0
9.0595,15,-0.0668,1
9.1519,15,-0.1585,1
9.0683,14,1.0133,0
9.8355,16,1.8051,1
9.5246,14,0.8087,0
9.037,12,-0.3327,0
8.6755,15,-0.9462,1
9.4642,15,0.7654,1
9.7098,17,1.1676,1
8.8163,12,-1.0377,1
9.2619,15,0.0638,1
8.6333,13,0.0857,1
9.6195,13,0.902,0
9.3337,12,-0.1588,0
9.4378,14,-0.4082,1
9.5535,17,1.4672,1
8.8524,10,-0.2447,0
8.3864,9,-1.9364,0
8.8909,12,-0.248,0
8.8912,12,-0.9497,0
9.382,17,0.7949,1
9.6368,15,0.6736,1
9.0094,12,-0.0761,0
8.9693,12,-0.7174,1
9.5011,15,0.6641,0
8.4794,8,-2.9312,0
9.1526,14,-0.3663,1
8.3006,11,-0.4874,0
9.4522,13,0.4713,0
9.1326,12,0.7437,0
9.0407,15,0.2293,1
8.7017,12,-0.457,1
9.0315,12,-0.4917,1
9.4826,17,0.9786,1
9.5402,18,1.2862,1
9.0188,13,-0.0809,0
8.7633,14,0.3037,1
9.0373,13,0.5057,0
8.4478,10,-0.5826,0
8.5273,9,-2.0241,0
8.969,14,-0.7039,1
8.906,13,-0.5489,1
8.9957,12,-1.2331,1
8.8233,14,0.476,1
9.0034,9,-0.9451,0
9.4689,18,0.9548,1
8.6202,11,-0.3799,0
9.2767,14,0.1043,1
9.0062,12,0.7008,0
8.9025,12,0.2466,0
9.1871,16,1.1123,1
9.3899,13,0.3223,0
9.5624,14,0.6874,0
8.5714,11,-1.6221,1
8.67,10,-0.5298,0
9.0746,12,-0.5888,1
9.0096,15,0.8588,1
9.2852,14,0.9159,0
9.0682,15,0.1229,1
8.9882,13,-0.9719,1
8.9956,13,0.5294,0
9.1292,13,-0.0928,0
9.0653,13,-0.1376,0
8.9113,11,-0.1305,0
9.2748,14,-0.0546,1
8.8633,11,1.2433,0
8.9602,13,0.5913,0
9.3586,15,0.5999,1
9.08,13,-0.8817,1
8.4104,9,-1.8347,0
8.9988,13,0.164,0
8.927,11,-0.4266,0
9.2002,16,0.5633,1
9.0246,14,-0.1688,1
8.6082,9,-0.6604,0
9.4697,16,-0.249,1
9.4409,15,1.1786,1
9.2097,14,1.3322,0
9.4122,15,-0.0114,1
8.6208,11,-2.3221,1
9.0034,13,-0.767,0
9.2802,14,0.3731,1
8.2743,8,-2.041,0
8.7354,10,-0.4619,0
9.1628,12,-0.2601,0
8.9996,12,-0.1215,1
9.1987,14,0.6356,0
8.0179,8,-2.2498,0
9.3878,14,1.0012,0
8.857,8,-1.6355,0
9.184,15,0.6658,0
9.1545,13,-1.019,1
8.7253,11,-1.1271,1
8.6217,10,-1.1544,0
8.6352,10,-2.0677,0
9.1641,15,0.4319,1
9.7062,16,2.0049,1
8.9134,12,-0.3995,1
8.9343,13,0.6891,1
8.7648,13,-0.3924,1
9.1788,14,1.5153,0
9.677,17,1.6952,1
8.5711,10,-0.7765,0
9.3071,14,0.6091,0
9.0885,13,-0.2115,1
8.8322,12,-0.5181,1
8.6777,10,-1.0849,1
9.1926,15,1.216,1
8.8208,13,-0.1973,0
8.687,11,-0.8977,0
8.4872,11,-1.0799,0
9.5019,17,2.2298,1
8.9421,13,0.8786,1
8.8335,13,-1.3469,1
8.9981,14,0.7877,0
9.0484,12,0.4854,0
9.3925,15,0.9781,1
8.7155,12,-1.7438,1
9.0425,11,0.2121,0
8.6583,12,0.1256,0
8.8524,13,-0.8343,1
9.7399,17,2.3369,0
9.0057,12,0.1324,0
8.9523,12,-0.4352,1
8.8622,13,-0.5987,0
9.2621,15,1.1597,0
9.1969,14,0.283,1
9.0333,12,-0.2386,0
8.3739,8,-0.7484,0
9.4744,14,0.2828,0
9.0154,13,-0.4288,0
9.1183,14,0.6222,1
9.5421,14,0.7831,0
9.2409,14,1.3493,0
8.5296,9,-0.874,0
8.5673,12,-1.1083,1
9.1296,15,-0.4799,1
8.8459,11,-0.2694,0
8.8599,12,-1.3942,0
9.4607,15,0.4435,1
9.6268,15,1.6658,0
9.261,12,1.1056,0
9.4829,15,-0.6519,1
8.8846,11,-0.3059,1
8.7638,14,-1.2562,1
9.4304,15,1.0401,1
8.8301,13,-0.8056,1
9.0404,13,0.7896,0
9.1706,16,1.7933,1
8.8282,13,-1.2661,1
8.7834,12,-0.3116,0
8.9764,12,-0.3992,1
8.9334,11,0.1544,0
9.1918,15,-0.2831,1
8.6632,12,-0.6924,1
8.988,16,-0.5275,1
9.3785,15,0.0157,1
9.2276,16,0.3203,1
9.1165,14,0.4028,1
8.9928,13,-0.4782,1
8.8757,13,-0.9773,1
8.8611,14,-0.065,1
8.5121,9,-1.6242,0
9.182,13,0.3738,1
9.1959,12,0.1186,1
9.9169,16,1.4141,0
9.3076,12,0.5908,0
9.0535,15,-0.1619,1
8.9344,12,-1.1404,0
8.8388,10,-2.2251,1
9.3575,16,0.989,1
8.4174,9,-2.8577,1
8.7946,10,-0.67,0
9.4641,17,1.2516,1
9.0138,12,-0.0271,0
9.4074,13,0.9505,0
9.0798,13,0.0533,1
9.4737,15,0.36,1
8.7117,12,-0.5455,0
9.6872,17,1.4126,1
8.7993,12,-0.399,1
8.3689,8,-1.5956,0
9.0743,13,0.6359,1
9.0496,14,-1.1708,1
8.493,9,-2.2182,0
9.0984,12,-0.5476,1
9.1127,15,0.3066,1
9.1824,12,-1.579,1
8.9227,12,-0.7423,0
9.1301,13,0.1063,0
9.0287,13,-0.1368,1
9.208,12,-0.9155,0
9.1947,14,0.6229,1
9.4768,13,0.7884,0
9.3282,13,0.2704,0
9.2631,18,1.3171,1
8.7815,9,-1.3482,0
8.8627,13,-0.2936,0
9.5085,15,-0.2127,1
9.3229,17,0.666,1
8.9263,13,-0.5343,1
8.8075,9,-1.7292,0
9.2973,14,-1.1818,1
9.1131,12,-0.0973,0
8.8127,11,-0.4882,1
8.6279,12,-1.5948,1
9.2346,13,1.682,0
8.7344,12,-0.1719,0
9.1604,13,-1.083,1
9.4685,15,0.8931,0
9.0807,12,0.2146,1
9.0543,12,-0.0011,0
9.6437,15,0.4578,1
9.3305,13,0.1024,0
9.0853,11,-0.8404,0
9.1781,16,0.7873,1
9.4791,13,0.7093,0
8.9658,11,0.3424,0
9.5559,17,1.8498,1
9.3152,15,-0.3408,1
9.2118,15,1.0529,1
9.4815,16,0.6091,1
9.0039,14,0.2019,1
9.195,14,-1.0246,1
9.1916,14,0.1717,1
8.9131,11,0.2877,0
8.6047,8,-2.2035,0
9.0143,13,-0.5239,1
8.9981,13,0.5964,1
9.0258,10,-0.0206,0
8.6969,12,-1.5362,1
9.1243,13,-1.244,1
9.4009,17,1.3134,1
9.2386,15,-0.6358,1
8.7091,12,-0.0634,0
8.694,14,0.1428,1
8.3947,11,-2.0224,0
8.7725,12,0.9613,0
8.8481,13,-0.8906,1
9.1363,14,0.7019,0
9.4133,15,1.3225,1
9.3632,13,-0.4777,1
9.2318,14,0.4744,1
9.1267,12,0.7373,0
9.176,12,0.1072,0
8.5508,10,-1.0905,0
8.9491,11,-0.629,0
8.7413,13,-1.1693,1
9.0446,10,-0.9339,0
9.5831,13,1.2906,0
9.6046,15,1.6263,1
8.7628,13,0.6111,0
8.8364,9,-0.8383,0
9.2687,17,1.5692,1
9.1145,12,-0.3401,1
9.4018,14,0.7309,1
8.6265,10,-0.7957,0
9.3426,15,0.4086,1
8.5713,9,-0.8957,0
8.7959,11,-0.4481,0
8.9699,14,-1.0743,1
9.2905,15,1.2072,1
8.9207,12,1.1826,0
8.3995,10,-1.5593,1
9.3645,14,-0.0278,0
8.7748,11,0.1714,0
9.3227,16,1.2309,0
8.9664,12,-0.1323,0
8.8838,11,-0.2463,0
9.4851,15,0.9303,0
9.2653,14,-0.2415,1
8.9795,13,0.1441,0
8.6004,10,-2.2746,1
8.4495,11,-1.0158,0
8.8463,14,-0.3861,1
8.8969,11,-0.6416,0
9.0511,13,-0.5643,1
8.8453,12,0.3159,0
9.1335,13,-0.2143,1
9.5587,13,0.6612,0
9.5127,15,2.6449,1
8.9511,11,0.7289,0
8.8633,13,0.4076,1
9.2284,14,-0.4601,1
9.647,15,0.3271,1
9.048,15,0.5051,0
8.4142,10,-2.2951,1
9.2159,13,0.7636,0
9.4835,13,0.7167,0
8.9499,14,0.3783,1
8.9048,13,-0.1693,1
8.7048,11,-0.2433,0
8.7331,10,-1.1867,1
9.0124,13,0.8992,0
9.077,11,-0.6354,0
9.4069,16,0.343,0
9.1515,15,0.8623,1
8.0992,10,-0.6831,0
8.6211,10,-0.2974,0
9.0243,13,0.1973,0
9.6778,16,1.2053,1
9.1857,15,0.9455,0
8.6823,11,-2.064,1
9.2767,13,0.5749,0
9.0158,13,-0.2878,1
8.4312,10,-1.3677,0
9.0966,12,0.211,0
8.571,10,-0.9076,0
8.9319,13,0.5586,0
9.1622,16,0.9097,0
8.7142,9,-1.8764,0
8.793,13,-0.1903,0
9.0985,15,0.6751,1
9.174,14,0.0582,1
8.828,11,-0.0486,0
8.7214,10,-1.4538,0
9.7792,16,0.5376,1
9.1838,14,0.5324,0
8.9625,12,-0.1479,0
8.9224,13,-0.6681,0
8.9131,12,-0.8706,1
8.493,11,-1.0583,0
9.4106,17,0.8472,1
8.6521,12,-0.9473,1
8.9209,15,0.1201,1
8.9158,12,-1.8233,0
9.2319,15,0.7237,0
8.7827,11,-0.1719,0
9.21,15,1.0539,1
8.4236,11,-0.7738,1
9.6164,15,1.0036,0
9.1437,15,1.8296,1
8.8883,11,-0.8357,0
8.7284,12,-0.825,1
8.8872,12,0.4325,0
8.7192,12,-0.3254,0
9.0228,10,-0.8001,1
9.0533,11,-0.0878,0
9.0384,13,0.3966,0
8.484,12,-0.8367,0
8.6766,12,0.143,0
9.4572,16,0.6604,1
8.8611,12,0.756,0
8.8314,10,-1.4094,1
9.1712,13,-0.6223,1
8.7909,10,0.2935,0
8.9966,14,1.3555,0
9.2241,15,0.3669,1
9.1478,14,0.5325,1
9.1759,14,0.6771,0
9.1317,11,0.5486,0
8.7182,12,0.0569,0
9.3927,14,1.0328,0
9.066,15,0.708,1
9.1371,14,0.7174,1
8.4522,8,-0.044,0
9.0646,15,0.2997,1
8.9462,13,1.3937,0
8.9807,15,1.8054,1
9.35,13,1.7183,0
9.0654,12,-0.1456,0
9.0016,12,0.1337,0
9.265,15,0.5161,1
8.7817,11,-1.6808,1
8.8029,11,-0.5545,1
9.2639,14,1.0586,0
9.0079,12,-0.4912,1
9.2607,17,1.4142,1
8.6033,10,-0.5014,0
9.0437,14,-1.6477,1
9.7384,17,1.9302,1
8.5401,12,-0.9313,0
8.4234,10,-2.4871,1
8.8668,12,-0.4531,0
9.0345,15,-0.2728,1
8.9312,16,-0.334,1
9.0767,14,2.0802,0
9.1633,13,0.5757,1
9.5263,12,-0.3332,0
9.3122,13,1.6608,0
9.5902,15,0.3692,1
8.7107,10,-1.0997,0
9.1712,14,0.8891,0
8.777,11,-0.2602,0
9.4953,15,1.2142,0
9.4116,18,1.9866,0
8.4749,9,-0.1206,0
8.6085,14,-0.3729,1
8.766,12,-0.2709,0
9.0586,14,0.6616,1
9.2033,13,0.9035,0
8.8664,11,-2.4732,1
8.9364,11,-0.0746,0
8.9365,13,-0.7323,1
8.6964,10,-1.3266,0
8.4247,9,-0.8685,0
8.7864,10,-0.9943,0
8.9263,13,-0.449,0
9.2305,12,0.8203,0
9.2062,14,0.3041,1
9.3509,15,0.3164,1
9.0831,11,0.0631,0
9.677,13,0.6942,0
9.5602,16,0.7402,1
8.8892,11,-0.7699,1
8.7564,11,-1.2594,0
8.8332,13,0.1295,0
9.2135,16,0.8961,1
9.6921,17,1.0871,1
8.4169,9,-2.3902,0
8.6633,10,-0.928,0
9.1583,16,0.5796,1
9.0589,13,-0.2015,1
8.353,9,-2.0334,0
8.9082,13,0.353,0
9.2226,12,-1.2686,1
8.6355,10,-1.6402,1
8.9081,11,0.1584,0
9.0144,14,1.2716,0
8.8351,10,-1.087,0
8.7419,12,-0.4599,0
9.2143,13,0.192,0
9.2159,12,1.3276,0
8.7429,10,-1.3635,1
9.2079,16,1.172,1
9.3085,13,0.8846,1
9.4715,17,0.6429,1
9.2533,16,1.6995,0
9.0333,14,-0.0149,1
9.6245,15,1.3586,1
9.0852,17,0.9266,1
8.7493,14,-0.2622,1
8.7659,12,-0.3257,0
9.3215,15,-0.2828,1
9.1115,11,-1.3961,0
8.9364,13,-0.1664,1
8.9137,13,-1.6345,1
8.4258,10,-1.8752,0
9.5393,15,1.4039,0
8.9076,11,-1.2955,0
8.8309,12,-0.8711,0
9.1184,14,0.3946,1
8.9875,15,-0.0276,1
9.2147,15,0.9743,0
9.6108,18,1.6925,1
8.9523,13,-0.051,0
9.3244,13,0.9092,0
8.9235,12,-0.2116,0
8.5847,13,-1.1859,1
9.029,11,-0.6558,0
8.6946,10,-1.4051,0
9.005,11,-1.1884,0
8.7176,10,-1.1214,0
9.1069,13,-0.7739,1
8.7328,12,-0.8242,1
8.9856,12,0.0668,0
9.2983,13,1.034,0
8.9739,15,0.1901,1
8.9941,14,0.1053,1
8.9027,12,0.3733,0
8.8734,12,0.9243,0
8.6498,10,-1.4477,0
9.0022,12,-0.2187,0
9.3726,15,-0.4198,1
8.8066,14,1.4877,0
9.2774,15,1.3041,0
8.7559,11,-1.6039,0
9.109,14,0.7943,1
9.1099,15,-0.7435,1
9.432,15,1.6571,1
9.4679,15,1.8131,0
9.1748,12,0.1171,0
9.0869,14,0.2556,0
8.969,15,0.6118,1
9.0842,14,-0.1976,1
9.142,14,2.4427,0
8.8993,15,0.5861,0
9.4993,16,0.2733,1
8.7136,11,-0.9992,0
9.0752,15,-0.1834,1
9.3912,14,0.0362,1
9.3161,15,0.5896,1
9.3359,14,1.0373,1
8.6836,10,-1.1699,0
8.9145,13,-0.603,1
9.264,14,-0.6716,0
8.9354,12,-0.2416,1
8.6408,11,-1.6574,1
9.4963,17,2.1476,1
9.7949,18,1.4847,1
8.2888,10,-1.8931,1
8.807,10,-0.4585,0
8.8673,12,-0.722,0
9.1587,14,-0.0369,1
8.8896,12,0.4732,0
9.0348,15,-0.5201,1
9.0575,12,-0.4063,1
8.9229,11,-0.3503,0
8.7077,11,-0.5136,0
8.9617,13,-0.2945,1
8.778,9,-3.0212,1
8.598,11,-0.8954,1
8.9755,11,0.2872,0
9.3665,17,0.4615,1
9.441,15,1.3185,1
9.2844,15,1.5231,1
9.4065,13,1.4979,0
8.6866,11,-1.4242,1
9.1376,13,-0.6355,1
9.0542,14,-0.858,1
9.0953,15,0.2564,0
9.0311,13,0.0164,0
8.7342,13,-0.6412,1
9.2631,12,-1.0387,1
8.8907,11,-0.5228,0
9.5515,17,0.8661,1
8.6122,11,-1.403,0
9.0689,14,-0.7817,0
8.9785,15,0.8461,1
8.8545,12,0.1278,0
9.2101,14,1.8654,0
9.278,12,0.1157,0
9.7757,19,2.7131,1
9.1917,12,-0.2674,0
8.7842,14,-0.5378,1
9.1494,12,-0.2237,0
8.9331,13,-0.17,1
9.3476,14,-1.0113,1
9.4176,15,-0.1117,1
9.0625,15,-0.1289,1
9.0267,15,-0.1486,1
9.5381,15,-0.0574,1
8.9424,12,-0.164,0
9.1952,14,-0.112,1
9.0119,10,-0.8339,0
9.1203,13,-1.0913,0
9.0327,12,0.3836,0
9.2995,15,0.9085,0
8.8925,12,-1.5996,1
9.1343,12,-0.9253,1
9.1691,13,-0.1308,0
8.9888,13,0.7949,0
9.5436,14,0.9218,0
8.8565,11,-1.6834,1
9.0253,15,0.3521,1
9.4157,12,0.7044,0
8.5699,13,-0.6908,0
9.0196,13,0.5573,1
8.7924,10,-0.9108,0
9.1043,13,-0.4087,0
9.4786,14,0.5157,1
9.1335,15,-0.1205,1
8.9398,9,-0.9662,0
9.092,11,-0.2214,1
9.8045,17,1.6155,1
9.2925,13,0.0709,1
9.4666,14,2.0403,0
8.8234,11,-0.0692,0
8.6935,10,-1.2748,0
9.0184,13,0.0069,1
8.8181,10,-1.3293,1
9.4864,16,0.4901,1
9.22,13,0.2228,1
8.7551,14,-0.5846,1
9.1327,13,0.0597,0
9.4806,14,-0.4427,1
9.127,14,0.5194,0
9.4301,16,1.3258,1
9.0651,10,-1.1474,0
8.4519,10,-2.4308,1
8.5474,9,-1.4258,0
9.3024,15,0.565,1
8.808,11,0.1302,0
8.86,13,0.2973,0
8.6116,9,-0.0295,0
9.1513,13,-1.0673,0
9.0343,14,-0.3191,0
9.2616,13,-0.984,1
9.2337,15,0.685,1
9.1352,11,0.1485,0
8.8976,12,0.2596,0
9.057,13,-0.9423,1
8.9131,12,-0.8631,0
9.1623,12,-0.7935,0
9.1496,17,0.5083,1
8.3167,9,-0.6721,0
9.2935,13,0.3259,1
9.3272,17,1.015,1
8.684,10,-0.6065,0
8.9618,13,0.4949,0
9.1723,13,0.2328,1
9.4207,11,0.2006,1
9.3958,17,0.5103,1
9.2857,15,0.0934,1
9.5157,15,2.2179,0
8.3695,11,-2.4437,1
9.0067,15,0.2884,1
8.5642,10,-2.4027,1
9.0623,14,-0.1109,1
8.7794,10,-1.3194,1
9.0729,14,1.1547,0
8.857,12,-0.3206,0
8.3597,9,-1.2182,0
9.5004,15,0.1079,1
8.8867,12,0.0514,1
9.4022,15,-0.6789,1
8.4537,11,-1.1826,0
9.5328,16,0.7846,0
9.1148,14,0.0393,1
9.5292,15,1.034,0
9.356,14,0.8971,0
9.6384,16,2.2415,0
8.9946,11,-1.4718,0
9.5945,13,-0.4229,1
9.1552,17,0.6923,1
9.1189,14,1.2928,1
8.7102,13,0.0172,1
8.6064,12,0.1662,0
9.0641,15,0.6615,0
9.1252,13,-0.2094,1
9.4652,15,0.9786,1
9.596,16,1.0177,1
9.3385,15,1.2262,1
9.2888,16,0.505,1
8.8795,11,-0.5791,0
8.7404,10,-1.3494,0
9.5174,17,0.5734,1
9.5293,15,0.8475,1
9.1192,14,0.3335,1
8.4907,10,-1.5133,0
9.1277,11,-1.4597,1
9.1688,13,1.4658,0
9.1213,13,-0.2143,1
9.3128,12,0.7661,0
8.9129,12,-1.3396,1
9.135,15,0.683,0
8.6956,11,-0.0167,0
8.8696,13,-0.5217,1
8.7638,9,-2.0841,0
9.1262,12,-0.724,1
8.816,11,-0.9848,0
8.712,11,-0.2729,0
8.9898,10,-0.6338,0
9.1437,12,-0.2092,0
8.9255,15,0.6296,1
9.0259,14,0.5295,1
9.2864,13,1.1325,0
8.9386,14,0.4788,1
9.2912,14,0.1828,0
8.4822,13,-0.6487,1
9.4595,15,0.9591,1
9.2134,13,0.0018,0
9.0722,14,1.0479,0
9.0857,16,1.1373,1
9.2995,17,0.7682,1
9.1181,12,-0.2962,1
9.2559,13,0.5028,1
8.9113,11,-0.557,0
8.7686,12,-1.0169,1
8.1973,10,-2.8395,0
9.04,14,0.2375,1
8.8755,12,0.106,0
9.4527,12,1.7,0
8.6127,10,-0.9732,0
8.921,12,-0.9679,1
8.8965,10,-0.5684,0
8.6988,12,0.8959,0
9.1001,15,0.187,1
9.3352,14,0.511,0
9.0735,13,-0.6568,0
8.6874,10,-0.6555,0
8.7684,13,-0.1028,0
8.8905,12,-1.1696,0
8.7682,12,-0.1109,0
9.1553,15,0.9503,1
8.6584,12,-0.8796,0
8.6693,12,-0.705,0
9.2124,15,0.5579,0
8.4554,10,-1.3186,0
8.7906,11,0.3308,0
9.5483,16,0.6555,1
8.6969,12,-1.5122,1
8.7393,14,0.7004,0
10.0582,16,2.2134,1
9.1996,15,1.7465,0
8.8695,10,-0.6758,0
9.5038,17,1.3199,1
8.4669,11,0.2292,0
8.8214,11,-1.3095,1
9.1406,15,1.9925,1
8.7686,12,-0.5876,0
8.8216,11,-0.5985,1
9.4762,14,0.9329,0
8.8226,13,-1.1321,1
8.4466,11,-0.6464,0
9.2268,11,-0.1089,1
9.2083,13,0.8249,0
8.9268,12,-1.3882,1
8.634,11,-0.2434,1
9.1888,13,-0.9834,0
8.6481,11,-0.4054,0
9.0495,12,0.9417,0
8.7543,11,-0.6307,0
8.4517,11,-0.6465,0
8.6528,10,-0.3125,0
9.2042,14,1.2883,0
9.4874,13,1.7747,0
8.8451,13,-1.3833,1
9.1885,12,0.3597,0
8.9995,12,-0.2796,0
8.7194,13,-1.3639,1
9.7878,17,1.411,1
8.6911,13,0.1592,0
9.3993,15,0.4056,1
9.1467,14,-0.9896,1
9.4604,13,-0.0557,1
8.8472,12,-1.3706,1
8.9229,8,-0.7886,0
9.2327,16,0.8141,0
9.085,14,0.1391,1
8.9184,13,-1.1023,0
8.6595,11,-0.7464,0
9.2349,14,0.1786,0
8.9004,14,-0.0486,1
8.6759,14,0.2363,0
9.093,12,-0.0556,0
9.0377,14,-0.0344,1
9.3363,17,0.7602,1
8.4026,10,-1.9773,0
8.7384,10,-1.034,0
9.5375,15,-0.3883,1
9.2084,13,1.4336,0
9.3108,14,1.0631,1
9.3118,15,1.4932,0
8.9543,11,-1.284,1
10.1643,19,2.6659,1
8.9947,15,-0.0102,1
9.7555,16,1.1548,0
8.6155,10,-0.0705,0
8.9973,14,-0.6318,1
9.4501,16,0.7006,1
8.4129,8,-2.3645,0
8.8346,12,-0.733,1
9.0277,12,0.59,0
9.5637,13,-0.0653,1
8.6097,11,-1.802,0
8.7699,11,0.2114,0
8.4371,11,0.673,0
9.1708,13,0.6663,0
8.899,11,0.2489,0
9.3431,14,1.3052,0
8.888,14,-0.131,1
8.8571,11,0.7238,0
9.0539,14,0.9098,0
9.5475,16,0.5875,1
9.1788,14,0.624,0
9.0585,13,-0.0719,0
8.6054,10,-0.9778,0
8.5963,11,-2.0645,1
9.1491,12,0.1885,0
9.1226,13,-0.1681,1
8.6429,11,-2.3173,1
9.2047,13,0.2079,0
9.2695,15,0.2405,1
9.1649,13,0.2061,1
8.7167,10,-0.7482,0
9.3133,14,0.0151,1
9.0839,11,0.2866,0
8.8792,11,0.0493,0
8.5966,11,-0.3177,0
8.6053,9,-0.6009,0
8.9611,12,0.3215,0
8.4755,10,-2.6342,1
8.9992,12,-0.918,0
9.118,16,1.0811,1
8.6723,11,-0.8458,1
9.1195,14,-0.0394,0
9.6265,17,2.1933,0
9.1469,12,1.1895,0
9.0186,11,-0.7419,0
9.06,10,-0.8683,0
8.7859,11,0.5304,0
9.2474,16,1.2707,1
8.591,12,-0.3022,1
9.1006,15,0.5275,1
9.1515,12,0.3064,0
9.1648,14,1.4923,0
9.1311,15,0.2956,1
8.9154,12,-0.636,1
8.8021,12,-1.8633,1
8.7114,12,-0.647,0
9.1859,13,-0.9976,0
8.7989,12,-1.9625,0
9.1633,13,-1.013,1
8.5518,6,-2.0683,0
9.0551,12,0.6615,0
9.3719,16,1.5202,1
8.6515,12,-0.2588,0
8.5451,8,-1.8619,0
8.7483,13,0.8024,0
8.6463,11,-1.3331,0
9.3868,16,0.847,1
8.7993,9,-0.1002,0
8.8696,13,0.6058,0
8.5943,10,-0.8228,0
9.0936,12,-0.2093,0
9.209,13,-0.4844,1
9.6345,17,1.8157,1
8.7261,13,-1.2151,1
9.0376,12,0.1615,1
9.5927,15,1.0807,0
8.7686,11,0.0064,0
9.1727,11,-0.6427,0
9.0696,13,-0.4856,1
8.9162,11,-0.517,0
9.0968,12,-0.0517,0
9.1266,13,-0.9821,1
9.3061,15,0.09,1
8.7801,12,-0.6194,1
9.4565,15,0.0021,1
8.3325,10,-0.8831,0
9.3835,15,0.9989,0
9.1564,15,0.389,1
9.6966,15,0.7238,1
8.978,14,-0.1422,0
9.5012,17,0.549,1
8.7616,10,-1.121,0
8.9608,13,1.3522,0
9.2269,14,0.2479,1
9.1166,14,0.699,0
9.5501,15,2.4453,0
9.139,13,0.8839,0
9.2895,14,-0.2053,0
8.5803,10,-0.6437,1
9.0268,12,-0.3624,0
8.6042,12,-0.3555,0
8.3652,12,-0.6148,0
8.9026,13,-0.6757,1
9.449,16,0.5317,1
9.6537,15,0.6232,1
9.4973,17,1.5294,1
8.5391,14,-0.9221,1
9.4009,16,0.2898,1
9.6276,14,-0.1483,1
9.3017,12,0.5162,0
9.332,13,0.0161,0
8.4736,9,-1.3918,0
9.3599,15,0.6845,0
8.744,15,0.9818,0
8.9738,11,0.4226,0
8.8652,13,0.4654,1
8.9158,13,-0.3293,1
8.3915,8,-1.9769,0
8.9457,12,-0.7615,0
9.4594,16,0.2391,1
9.3434,16,-0.4034,1
9.4509,14,0.0134,1
8.7607,12,0.298,0
9.5062,15,1.7393,1
8.7861,13,-0.8643,1
9.4808,17,0.8883,1
8.9832,14,0.1152,1
9.9526,17,1.2265,1
8.7426,11,-0.8615,0
9.2998,12,0.6206,0
8.5008,10,-1.5941,0
9.2505,14,1.5323,0
9.3667,15,-0.047,1
9.1457,13,-0.061,1
8.8282,13,-0.6362,1
9.0006,12,-0.8724,1
9.2987,14,0.8632,0
9.1386,14,-0.9833,1
8.8957,12,-0.5242,0
9.5456,15,1.1925,0
8.9231,12,-0.4348,1
9.2392,13,-0.133,0
9.6596,17,0.9104,1
8.3747,10,-0.4062,0
9.1429,14,-0.4405,1
9.1486,12,-1.0298,0
8.6084,10,-0.5781,0
8.6978,12,-2.2912,1
8.8565,11,-0.2999,0
8.4759,10,-1.1303,0
9.7226,16,0.6586,1
9.344,13,0.4638,1
8.7913,13,1.1281,0
9.0925,13,1.2248,0
9.2766,12,-0.6527,1
9.0013,14,-0.24,1
9.0158,12,-0.0535,1
9.2243,15,1.2762,0
8.8064,15,-0.3487,0
9.6218,16,1.5863,1
9.1773,14,-0.0042,1
8.9615,11,0.2243,0
9.0598,12,-0.2258,0
8.9846,14,0.6526,0
9.0704,12,0.1398,0
8.8454,14,0.1238,1
9.2639,15,0.4482,1
9.2483,14,-0.2089,1
9.2244,16,0.7497,1
9.0048,14,-0.199,0
9.6027,12,0.5573,0
8.4551,9,-1.5416,0
9.1393,13,-0.7298,1
9.402,13,1.3873,0
8.9967,14,0.3752,1
8.9787,12,-0.1331,0
8.6827,9,-1.2327,0
9.7718,17,1.1624,1
9.5233,15,0.4667,1
8.9768,11,0.3442,0
8.8214,9,-2.2798,0
9.268,13,1.1312,0
9.02,13,-0.2457,0
9.2348,12,-0.0885,0
9.0222,12,-0.6113,1
9.379,13,0.6814,1
8.8415,12,-1.5866,1
9.2793,15,0.832,1
8.6968,12,-0.5791,1
8.3782,12,-0.0196,0
9.149,14,0.9578,0
8.8134,13,-0.9641,1
8.4576,10,-1.0384,1
9.2476,13,1.9935,0
9.196,14,0.134,1
8.7085,12,-1.4863,0
8.5011,9,-2.0639,0
8.9582,13,0.6686,0
9.0345,13,0.5674,0
8.5707,10,0.1051,0
9.2498,13,-0.3512,0
9.251,15,0.3436,1
9.3154,15,0.4455,0
9.5192,17,1.8264,1
9.1645,17,0.2647,1
9.1132,12,0.2016,0
8.7378,11,-0.3795,0
9.0417,12,-0.4119,0
9.1589,14,-0.9182,1
8.7281,12,-0.6412,1
9.5882,16,1.815,0
8.9186,10,-2.0196,1
8.7288,11,0.1109,0
8.8131,10,0.0421,0
9.8347,16,1.2962,1
9.2515,12,1.1218,0
8.8883,13,-1.3875,1
8.8531,13,-0.4091,1
8.4049,11,-1.7614,1
9.1535,17,0.0597,1
8.951,13,0.545,1
9.065,10,-0.9228,0
8.5267,11,-1.855,0
9.4565,12,0.3276,0
8.8743,14,-1.8935,1
8.6094,10,-1.7764,0
9.1102,14,0.4154,1
9.0531,14,0.2672,1
8.4365,9,-1.5616,0
8.8083,12,-0.4764,0
9.5518,13,0.9079,0
8.7312,12,0.037,0
8.8477,15,-0.1482,1
9.0938,12,1.1841,0
9.2069,11,0.6912,0
8.6397,12,-0.6505,0
8.8284,15,-0.2231,1
9.4308,15,0.2222,1
8.9802,13,0.5347,0
8.9586,14,-0.4819,1
8.9986,13,-1.122,1
9.0849,13,0.6603,0
9.2691,13,-0.8754,1
9.0742,13,0.4557,0
8.7603,12,-0.9926,1
9.1946,13,0.2303,1
9.3456,15,1.3549,0
8.7625,12,0.6512,0
8.9737,13,0.1157,1
9.2393,13,0.4643,0
9.2115,14,-0.877,1
8.52,9,-1.2895,0
8.6895,12,0.8021,0
9.1573,12,0.5446,0
9.115,14,0.8069,1
8.9202,14,0.2468,1
8.8459,9,-0.2313,0
9.3346,15,1.5912,1
9.1857,16,0.5473,1
9.0385,12,-0.7464,0
8.9425,10,-0.7103,0
8.7991,10,-0.7975,0
8.8027,13,-0.0378,1
9.3337,15,0.429,0
9.6803,16,1.0392,0
8.9389,12,-1.1105,1
9.1389,14,-1.0373,1
8.8712,11,-0.4903,0
8.8697,13,0.4793,0
9.0619,13,0.1791,0
8.6851,14,-1.1308,1
8.799,13,-0.1952,0
9.1307,14,0.7106,1
9.5496,15,1.3358,1
8.655,13,-1.2571,1
8.824,13,-0.1549,0
8.8387,12,-1.5844,0
8.7618,12,-0.1232,1
9.2827,12,-0.0517,0
8.6729,12,-0.7647,0
8.8924,13,0.0478,0
9.4296,15,1.1498,1
