lwage,educ,educt_t,age,age2,female,white,first,dlwage,deduc,deduct
2.4795232,16.0,16.0,33.25119,11.056416,1.0,1.0,1.0,0.2593465,0.0,0.0
2.2201767,16.0,16.0,33.25119,11.056416,1.0,1.0,,-0.2593465,0.0,0.0
2.2282088,12.0,12.0,43.570145,18.983576,1.0,1.0,,-0.721318,-6.0,-4.0
2.9495268,18.0,16.0,43.570145,18.983576,1.0,1.0,1.0,0.721318,6.0,4.0
2.7284808,12.0,12.0,30.98391,9.600026,0.0,1.0,,-0.1298089,0.0,0.0
2.8582897,12.0,12.0,30.98391,9.600026,0.0,1.0,1.0,0.1298089,0.0,0.0
2.887312,14.0,14.333333,35.21127,12.3983345,0.0,1.0,,0.073764324,0.0,0.33333302
2.8135476,14.0,14.0,35.21127,12.3983345,0.0,1.0,1.0,-0.073764324,0.0,-0.33333302
2.091243,15.0,15.0,34.978775,12.2351465,1.0,1.0,,-1.5232601,2.0,2.0
3.6145031,13.0,13.0,34.978775,12.2351465,1.0,1.0,1.0,1.5232601,-2.0,-2.0
2.752376,14.0,14.0,29.669403,8.802735,0.0,1.0,,-0.34657335,1.0,-1.0
3.0989494,13.0,15.0,29.669403,8.802735,0.0,1.0,1.0,0.34657335,-1.0,1.0
2.0003371,12.0,12.0,47.80287,22.851145,1.0,1.0,,-0.23215294,0.0,0.0
2.23249,12.0,12.0,47.80287,22.851145,1.0,1.0,1.0,0.23215294,0.0,0.0
2.9069674,12.0,12.0,51.90143,26.937584,0.0,1.0,1.0,0.051751852,-1.0,-2.0
2.8552155,13.0,14.0,51.90143,26.937584,0.0,1.0,,-0.051751852,1.0,2.0
2.5440617,12.0,12.0,36.07666,13.015254,0.0,1.0,1.0,-0.28768206,0.0,0.0
2.8317437,12.0,12.0,36.07666,13.015254,0.0,1.0,,0.28768206,0.0,0.0
2.8080273,17.0,16.0,48.120453,23.155779,1.0,1.0,,-0.4700036,-1.0,-2.0
3.2780309,18.0,18.0,48.120453,23.155779,1.0,1.0,1.0,0.4700036,1.0,2.0
2.0318463,12.0,12.0,33.95482,11.529297,1.0,1.0,1.0,-0.30560136,-2.0,-2.0
2.3374476,14.0,14.0,33.95482,11.529297,1.0,1.0,,0.30560136,2.0,2.0
1.4823205,16.0,16.0,28.058634,7.8728695,1.0,1.0,,-0.4992845,0.0,0.0
1.981605,16.0,16.0,28.058634,7.8728695,1.0,1.0,1.0,0.4992845,0.0,0.0
2.7672052,14.0,12.0,39.34018,15.476497,0.0,1.0,1.0,0.6286087,2.0,-2.0
2.1385965,12.0,14.0,39.34018,15.476497,0.0,1.0,,-0.6286087,-2.0,2.0
2.9686499,12.666667,12.333333,39.1775,15.348766,0.0,1.0,,0.20308852,0.33333397,-0.33333397
2.7655613,12.333333,12.666667,39.1775,15.348766,0.0,1.0,1.0,-0.20308852,-0.33333397,0.33333397
2.493912,17.0,17.0,23.682404,5.6085625,1.0,1.0,1.0,-0.37865376,1.0,1.0
2.8725657,16.0,16.0,23.682404,5.6085625,1.0,1.0,,0.37865376,-1.0,-1.0
2.7374332,12.0,12.0,35.66324,12.718666,1.0,1.0,1.0,0.07855582,-3.0,-2.0
2.6588774,15.0,14.0,35.66324,12.718666,1.0,1.0,,-0.07855582,3.0,2.0
2.227465,14.5,14.5,21.674873,4.6980014,0.0,0.0,1.0,0.20751739,0.0,0.0
2.0199475,14.5,14.5,21.674873,4.6980014,0.0,0.0,,-0.20751739,0.0,0.0
2.856436,12.0,12.0,33.63997,11.316475,1.0,1.0,,0.4946959,0.0,0.0
2.36174,12.0,12.0,33.63997,11.316475,1.0,1.0,1.0,-0.4946959,0.0,0.0
2.0470295,14.0,16.0,24.640656,6.071619,1.0,1.0,1.0,-0.49703217,-2.0,2.0
2.5440617,16.0,14.0,24.640656,6.071619,1.0,1.0,,0.49703217,2.0,-2.0
2.0262675,12.0,12.0,46.365494,21.497591,1.0,1.0,1.0,0.16705418,0.0,0.0
1.8592134,12.0,12.0,46.365494,21.497591,1.0,1.0,,-0.16705418,0.0,0.0
1.8740172,16.0,16.0,44.427444,19.737978,0.0,1.0,,-1.2531526,-2.0,-2.0
3.1271698,18.0,18.0,44.427444,19.737978,0.0,1.0,1.0,1.2531526,2.0,2.0
3.683496,12.0,12.0,61.87268,38.282284,0.0,0.0,,2.014903,0.0,0.0
1.668593,12.0,12.0,61.87268,38.282284,0.0,0.0,1.0,-2.014903,0.0,0.0
1.668593,16.0,16.0,24.117722,5.8166447,0.0,1.0,,-1.5040773,0.0,0.0
3.1726704,16.0,16.0,24.117722,5.8166447,0.0,1.0,1.0,1.5040773,0.0,0.0
2.5440617,14.0,12.0,32.5941,10.623754,0.0,1.0,1.0,0.08701134,3.0,1.0
2.4570503,11.0,11.0,32.5941,10.623754,0.0,1.0,,-0.08701134,-3.0,-1.0
2.8522882,12.0,12.0,54.284504,29.468073,0.0,1.0,1.0,0.31735063,0.0,0.0
2.5349376,12.0,12.0,54.284504,29.468073,0.0,1.0,,-0.31735063,0.0,0.0
2.7999952,12.0,12.0,39.61943,15.696992,0.0,0.0,1.0,-0.4780357,-6.0,-4.0
3.2780309,18.0,16.0,39.61943,15.696992,0.0,0.0,,0.4780357,6.0,4.0
3.0315688,16.0,16.0,22.07254,4.87197,0.0,0.0,1.0,1.034074,0.0,0.0
1.9974948,16.0,16.0,22.07254,4.87197,0.0,0.0,,-1.034074,0.0,0.0
2.4804425,12.0,12.0,38.013,14.449882,1.0,1.0,1.0,-0.12809229,0.0,0.0
2.6085348,12.0,12.0,38.013,14.449882,1.0,1.0,,0.12809229,0.0,0.0
2.157337,12.0,12.0,54.212406,29.389849,0.0,1.0,1.0,-0.86797285,-2.0,-2.0
3.0253098,14.0,14.0,54.212406,29.389849,0.0,1.0,,0.86797285,2.0,2.0
2.7672052,16.0,16.0,28.32306,8.021956,1.0,1.0,1.0,0.108216524,0.0,0.0
2.6589887,16.0,16.0,28.32306,8.021956,1.0,1.0,,-0.108216524,0.0,0.0
2.0050652,12.0,12.0,29.861725,8.917226,1.0,1.0,,0.14585185,0.0,-1.0
1.8592134,12.0,13.0,29.861725,8.917226,1.0,1.0,1.0,-0.14585185,0.0,1.0
2.8109736,16.0,16.0,36.992813,13.684683,0.0,1.0,,0.8106365,2.0,2.5
2.0003371,14.0,13.5,36.992813,13.684683,0.0,1.0,1.0,-0.8106365,-2.0,-2.5
3.1884189,18.0,16.0,44.23271,19.565329,1.0,0.0,,-0.60043764,0.0,2.0
3.7888565,18.0,14.0,44.23271,19.565329,1.0,0.0,1.0,0.60043764,0.0,-2.0
1.6040546,16.0,16.0,22.154678,4.9082975,1.0,1.0,1.0,0.13391256,0.0,0.0
1.470142,16.0,16.0,22.154678,4.9082975,1.0,1.0,,-0.13391256,0.0,0.0
3.0548873,13.0,13.0,40.04927,16.03944,1.0,1.0,1.0,-0.09638739,0.0,0.0
3.1512747,13.0,13.0,40.04927,16.03944,1.0,1.0,,0.09638739,0.0,0.0
4.6251035,15.0,14.0,53.66461,28.798906,0.0,1.0,,0.51082563,1.0,-1.0
4.114278,14.0,15.0,53.66461,28.798906,0.0,1.0,1.0,-0.51082563,-1.0,1.0
2.5048356,17.0,16.0,35.200546,12.390785,1.0,1.0,1.0,-0.5500517,1.0,0.0
3.0548873,16.0,16.0,35.200546,12.390785,1.0,1.0,,0.5500517,-1.0,0.0
2.8469725,12.0,12.0,62.079056,38.53809,0.0,1.0,1.0,0.35558295,-4.0,-4.0
2.4913895,16.0,16.0,62.079056,38.53809,0.0,1.0,,-0.35558295,4.0,4.0
1.985589,12.0,12.5,38.10917,14.5230875,0.0,1.0,,0.1601026,0.0,0.5
1.8254864,12.0,12.0,38.10917,14.5230875,0.0,1.0,1.0,-0.1601026,0.0,-0.5
3.5508838,18.0,18.0,52.966805,28.054825,0.0,1.0,,-0.1971507,0.0,0.0
3.7480345,18.0,18.0,52.93361,28.01967,0.0,1.0,1.0,0.1971507,0.0,0.0
2.033236,14.0,14.0,23.890472,5.707547,0.0,1.0,,-0.27721095,0.0,0.0
2.310447,14.0,14.0,23.890472,5.707547,0.0,1.0,1.0,0.27721095,0.0,0.0
2.6922958,14.333333,14.0,36.202824,13.106444,0.0,1.0,1.0,0.21563792,0.33333302,0.0
2.4766579,14.0,14.0,36.202824,13.106444,0.0,1.0,,-0.21563792,-0.33333302,0.0
2.378398,12.0,12.0,58.56639,34.30022,0.0,1.0,1.0,0.29806018,0.0,0.0
2.0803378,12.0,12.0,58.56639,34.30022,0.0,1.0,,-0.29806018,0.0,0.0
2.7672052,15.0,14.0,63.718002,40.59984,0.0,1.0,,-0.14163661,2.0,1.0
2.9088418,13.0,13.0,63.718002,40.59984,0.0,1.0,1.0,0.14163661,-2.0,-1.0
2.6982124,16.0,16.0,42.086243,17.712519,0.0,1.0,1.0,-1.2729657,-2.0,-2.0
3.971178,18.0,18.0,42.086243,17.712519,0.0,1.0,,1.2729657,2.0,2.0
2.6092753,12.0,12.0,61.677612,38.04128,0.0,1.0,,-0.35289216,0.0,0.0
2.9621675,12.0,12.0,61.677612,38.04128,0.0,1.0,1.0,0.35289216,0.0,0.0
2.5848837,13.0,12.0,23.000671,5.290309,0.0,1.0,1.0,-0.113328695,-1.0,-1.0
2.6982124,14.0,13.0,23.000671,5.290309,0.0,1.0,,0.113328695,1.0,1.0
1.7895399,14.0,14.0,20.299566,4.1207237,0.0,1.0,,0.19083977,0.0,0.0
1.5987002,14.0,14.0,20.299566,4.1207237,0.0,1.0,1.0,-0.19083977,0.0,0.0
1.577425,18.0,18.0,24.865501,6.1829314,0.0,1.0,,-0.091168046,0.0,0.0
1.668593,18.0,18.0,24.731003,6.116225,0.0,1.0,1.0,0.091168046,0.0,0.0
2.5440617,16.0,16.0,28.73648,8.2578535,1.0,1.0,1.0,0.0,0.0,0.0
2.5440617,16.0,16.0,28.73648,8.2578535,1.0,1.0,,0.0,0.0,0.0
2.4105303,12.0,17.0,56.47911,31.8989,1.0,1.0,,-0.31744885,-1.0,5.0
2.7279792,13.0,12.0,56.47911,31.8989,1.0,1.0,1.0,0.31744885,1.0,-5.0
2.5440617,13.0,14.0,61.470215,37.785873,1.0,1.0,,0.055688858,-1.0,0.0
2.4883728,14.0,14.0,61.470215,37.785873,1.0,1.0,1.0,-0.055688858,1.0,0.0
3.0231388,18.0,18.0,42.121826,17.742483,1.0,1.0,1.0,-0.38842368,0.0,0.0
3.4115624,18.0,18.0,42.121826,17.742483,1.0,1.0,,0.38842368,0.0,0.0
2.8715432,15.0,14.0,34.24709,11.728632,0.0,1.0,1.0,0.30748367,1.666667,0.0
2.5640595,13.333333,14.0,34.24709,11.728632,0.0,1.0,,-0.30748367,-1.666667,0.0
1.668593,13.0,12.0,21.80423,4.7542443,0.0,1.0,,-0.13976192,0.0,-2.0
1.808355,13.0,14.0,21.80423,4.7542443,0.0,1.0,1.0,0.13976192,0.0,2.0
2.4570503,12.0,12.0,39.35112,15.485106,1.0,1.0,1.0,0.0,0.0,0.0
2.4570503,12.0,12.0,39.35112,15.485106,1.0,1.0,,0.0,0.0,0.0
2.1685734,18.0,18.0,24.805267,6.1530128,0.0,1.0,,0.11157179,0.0,0.0
2.0570016,18.0,18.0,24.805267,6.1530128,0.0,1.0,1.0,-0.11157179,0.0,0.0
2.954133,14.0,14.0,31.72895,10.067264,1.0,1.0,,-0.28865767,-2.0,-2.0
3.2427907,16.0,16.0,31.72895,10.067264,1.0,1.0,1.0,0.28865767,2.0,2.0
2.106848,14.0,13.0,30.65297,9.396046,1.0,1.0,,0.1017828,1.0,-1.0
2.0050652,13.0,14.0,30.65297,9.396046,1.0,1.0,1.0,-0.1017828,-1.0,1.0
2.5187058,15.0,16.0,31.949348,10.207608,1.0,1.0,,0.10191393,-1.0,1.5
2.416792,16.0,14.5,31.949348,10.207608,1.0,1.0,1.0,-0.10191393,1.0,-1.5
1.668593,16.0,16.0,37.722107,14.229574,1.0,1.0,1.0,0.6931472,0.0,0.0
0.97544587,16.0,16.0,37.722107,14.229574,1.0,1.0,,-0.6931472,0.0,0.0
2.4795232,15.0,14.0,33.590683,11.2833395,1.0,0.0,,-0.51366615,-1.0,-4.0
2.9931893,16.0,18.0,33.590683,11.2833395,1.0,0.0,1.0,0.51366615,1.0,4.0
3.22368,16.0,16.0,32.645103,10.657027,1.0,0.0,,0.25294518,0.0,0.0
2.9707348,16.0,16.0,32.645103,10.657027,1.0,0.0,1.0,-0.25294518,0.0,0.0
1.8116884,14.0,12.0,33.462006,11.197058,0.0,1.0,1.0,0.6846926,2.0,0.0
1.1269958,12.0,12.0,33.462006,11.197058,0.0,1.0,,-0.6846926,-2.0,0.0
2.9800572,18.0,18.0,28.067413,7.8777966,1.0,1.0,1.0,0.15867901,1.0,1.0
2.8213782,17.0,17.0,28.067413,7.8777966,1.0,1.0,,-0.15867901,-1.0,-1.0
2.7672052,16.0,16.0,30.819977,9.49871,1.0,1.0,1.0,0.0,1.0,2.0
2.7672052,15.0,14.0,30.819977,9.49871,1.0,1.0,,0.0,-1.0,-2.0
1.9309573,12.0,12.0,32.347702,10.4637375,1.0,1.0,,0.029742002,0.0,0.0
1.9012153,12.0,12.0,32.347702,10.4637375,1.0,1.0,1.0,-0.029742002,0.0,0.0
3.2780309,12.0,12.0,30.351807,9.212322,1.0,1.0,1.0,1.9661129,0.0,0.0
1.311918,12.0,12.0,30.351807,9.212322,1.0,1.0,,-1.9661129,0.0,0.0
1.964987,15.0,14.0,44.70636,19.986586,1.0,1.0,1.0,-0.21482944,-3.0,-4.0
2.1798165,18.0,18.0,44.70636,19.986586,1.0,1.0,,0.21482944,3.0,4.0
2.7333038,12.0,12.0,31.80835,10.117711,0.0,1.0,,0.27625346,-6.0,-6.0
2.4570503,18.0,18.0,31.80835,10.117711,0.0,1.0,1.0,-0.27625346,6.0,6.0
4.1788177,12.0,12.0,19.222443,3.6950228,0.0,1.0,1.0,2.1097472,0.0,0.0
2.0690706,12.0,12.0,19.222443,3.6950228,0.0,1.0,,-2.1097472,0.0,0.0
2.5287943,16.0,16.0,40.501022,16.403328,0.0,1.0,1.0,0.2623644,0.0,0.0
2.26643,16.0,16.0,40.501022,16.403328,0.0,1.0,,-0.2623644,0.0,0.0
1.6381336,13.0,13.0,61.95755,38.38738,1.0,1.0,,-0.5004629,0.0,0.0
2.1385965,13.0,13.0,61.95755,38.38738,1.0,1.0,1.0,0.5004629,0.0,0.0
2.4671006,16.0,16.0,26.669403,7.112571,1.0,1.0,,0.7985076,1.0,1.0
1.668593,15.0,15.0,26.669403,7.112571,1.0,1.0,1.0,-0.7985076,-1.0,-1.0
2.916301,13.0,12.5,45.424362,20.633726,0.0,1.0,,-0.037938833,0.0,0.0
2.9542398,13.0,12.5,45.424362,20.633726,0.0,1.0,1.0,0.037938833,0.0,0.0
2.36174,12.0,12.0,29.185486,8.517926,0.0,1.0,1.0,-0.014888763,0.0,0.0
2.3766289,12.0,12.0,29.185486,8.517926,0.0,0.0,,0.014888763,0.0,0.0
2.5440617,13.0,17.0,41.084183,16.8791,1.0,1.0,,0.13830447,-1.0,4.0
2.4057572,14.0,13.0,41.084183,16.8791,1.0,1.0,1.0,-0.13830447,1.0,-4.0
3.234819,16.333334,17.0,40.65594,16.529055,0.33333334,1.0,1.0,0.5614655,2.000001,3.333333
2.6733534,14.333333,13.666667,40.65594,16.529055,0.33333334,1.0,,-0.5614655,-2.000001,-3.333333
2.36174,15.0,14.0,30.450363,9.272246,1.0,1.0,1.0,-0.22314358,1.0,0.0
2.5848837,14.0,14.0,30.450363,9.272246,1.0,0.0,,0.22314358,-1.0,0.0
2.074058,12.0,12.0,51.8412,26.875103,1.0,1.0,1.0,-0.6931472,-4.0,-4.0
2.7672052,16.0,16.0,51.8412,26.875103,1.0,1.0,,0.6931472,4.0,4.0
2.0050652,14.0,14.0,20.42984,4.173784,1.0,1.0,1.0,0.49899113,0.0,0.0
1.5060741,14.0,14.0,20.42984,4.173784,1.0,1.0,,-0.49899113,0.0,0.0
2.3281834,12.0,12.0,32.358658,10.470828,1.0,1.0,1.0,0.09997463,-4.0,-4.0
2.2282088,16.0,16.0,32.358658,10.470828,1.0,1.0,,-0.09997463,4.0,4.0
2.074058,12.0,12.0,50.1492,25.149424,1.0,1.0,,0.08048713,0.0,0.0
1.9935709,12.0,12.0,50.1492,25.149424,1.0,1.0,1.0,-0.08048713,0.0,0.0
2.4795232,16.0,14.0,42.548935,18.104118,0.0,1.0,,-0.98082924,-2.0,-4.0
3.4603524,18.0,18.0,42.548935,18.104118,0.0,1.0,1.0,0.98082924,2.0,4.0
1.9562751,12.0,12.0,27.748108,7.6995754,0.0,1.0,1.0,-0.26570308,0.0,0.0
2.2219782,12.0,12.0,27.748108,7.6995754,0.0,1.0,,0.26570308,0.0,0.0
2.2515543,16.0,16.333334,25.208075,6.3544703,0.0,1.0,1.0,0.21824813,0.33333302,1.333334
2.0333061,15.666667,15.0,25.208075,6.3544703,0.0,1.0,,-0.21824813,-0.33333302,-1.333334
2.528684,13.5,12.0,58.343254,34.039352,0.0,1.0,1.0,0.13762975,1.5,-0.5
2.3910542,12.0,12.5,58.343254,34.039352,0.0,1.0,,-0.13762975,-1.5,0.5
2.920612,16.0,16.0,42.92505,18.425598,0.0,1.0,,0.23722911,0.0,0.0
2.683383,16.0,16.0,42.92505,18.425598,0.0,1.0,1.0,-0.23722911,0.0,0.0
2.1620004,12.5,12.0,38.14202,14.548138,1.0,1.0,,0.35474885,0.5,0.0
1.8072516,12.0,12.0,38.14202,14.548138,1.0,1.0,1.0,-0.35474885,-0.5,0.0
3.683496,14.0,12.0,45.393555,20.605747,0.0,1.0,,-0.98082924,0.0,-2.0
4.664325,14.0,14.0,45.393555,20.605747,0.0,1.0,1.0,0.98082924,0.0,2.0
2.192225,16.5,13.0,33.421623,11.170049,1.0,1.0,,-0.046810627,3.5,-3.5
2.2390356,13.0,16.5,33.421623,11.170049,1.0,1.0,1.0,0.046810627,-3.5,3.5
2.3924901,12.0,12.0,37.674652,14.193794,0.0,1.0,,-0.10350227,-1.666667,-0.33333302
2.4959924,13.666667,12.333333,37.674652,14.193794,0.0,1.0,1.0,0.10350227,1.666667,0.33333302
1.6537638,14.0,14.0,37.919914,14.379199,0.0,1.0,,0.0,0.0,0.0
1.6537638,14.0,14.0,37.919914,14.379199,0.0,1.0,1.0,0.0,0.0,0.0
1.9482429,16.0,16.0,31.066391,9.651207,0.0,1.0,,-0.047252893,0.0,0.0
1.9954958,16.0,16.0,31.066391,9.651207,0.0,1.0,1.0,0.047252893,0.0,0.0
1.965178,15.0,13.0,31.0746,9.656308,0.0,1.0,1.0,-0.0742774,2.0,-1.0
2.0394554,13.0,14.0,31.0746,9.656308,0.0,1.0,,0.0742774,-2.0,1.0
2.9495268,15.0,14.0,37.850784,14.326818,0.0,1.0,1.0,0.11778307,2.0,0.0
2.8317437,13.0,14.0,37.850784,14.326818,0.0,1.0,,-0.11778307,-2.0,0.0
1.668593,14.0,13.0,21.741272,4.726829,1.0,1.0,,0.0,1.0,-1.0
1.668593,13.0,14.0,21.741272,4.726829,1.0,1.0,1.0,0.0,-1.0,1.0
3.1501975,16.0,16.0,42.770706,18.293333,0.0,1.0,,0.046519995,2.0,3.0
3.1036775,14.0,13.0,42.770706,18.293333,0.0,1.0,1.0,-0.046519995,-2.0,-3.0
2.8317437,15.0,16.0,33.037643,10.914859,0.0,1.0,,-0.11778307,0.0,0.0
2.9495268,15.0,16.0,33.037643,10.914859,0.0,1.0,1.0,0.11778307,0.0,0.0
2.1038444,12.0,12.0,27.709785,7.6783223,1.0,1.0,,0.22337103,-1.0,-0.5
1.8804734,13.0,12.5,27.709785,7.6783223,1.0,1.0,1.0,-0.22337103,1.0,0.5
1.8917366,10.0,10.0,47.74263,22.793587,1.0,1.0,,-0.315853,0.0,0.0
2.2075896,10.0,10.0,47.74263,22.793587,1.0,1.0,1.0,0.315853,0.0,0.0
3.3972123,18.0,18.0,51.331955,26.349695,0.0,1.0,1.0,0.23696446,0.0,0.0
3.1602478,18.0,18.0,51.331955,26.349695,0.0,1.0,,-0.23696446,0.0,0.0
2.6241045,16.0,16.0,36.94182,13.646978,0.0,1.0,1.0,-0.18232155,1.0,2.0
2.806426,15.0,14.0,36.94182,13.646978,0.0,1.0,,0.18232155,-1.0,-2.0
2.2886221,14.0,14.0,34.135754,11.652496,0.0,1.0,,-0.18492413,1.666667,0.33333302
2.4735463,12.333333,13.666667,34.135754,11.652496,0.0,1.0,1.0,0.18492413,-1.666667,-0.33333302
2.2837787,14.0,14.0,34.86653,12.156751,0.0,1.0,,0.24251032,0.0,1.0
2.0412683,14.0,13.0,34.86653,12.156751,0.0,1.0,1.0,-0.24251032,0.0,-1.0
2.5749164,12.0,12.0,32.015396,10.249856,1.0,1.0,1.0,0.68317974,0.0,0.0
1.8917366,12.0,12.0,32.015396,10.249856,1.0,1.0,,-0.68317974,0.0,0.0
2.4641402,15.0,16.0,43.00992,18.49853,1.0,1.0,,0.55041444,3.0,3.5
1.9137257,12.0,12.5,43.00992,18.49853,1.0,1.0,1.0,-0.55041444,-3.0,-3.5
1.5410924,12.0,12.0,36.04494,12.992378,1.0,1.0,,-1.0686965,0.0,0.0
2.609789,12.0,12.0,36.04494,12.992378,1.0,1.0,1.0,1.0686965,0.0,0.0
1.5060741,12.0,13.0,24.837769,6.1691475,0.0,1.0,,-0.6733445,0.0,1.0
2.1794186,12.0,12.0,24.837769,6.1691475,0.0,1.0,1.0,0.6733445,0.0,-1.0
2.1385965,14.0,12.0,28.531143,8.140262,1.0,1.0,,0.13353133,2.0,0.0
2.0050652,12.0,12.0,28.531143,8.140262,1.0,1.0,1.0,-0.13353133,-2.0,0.0
1.8425598,12.0,12.0,28.138603,7.91781,1.0,1.0,,-0.4252422,-2.0,-2.0
2.267802,14.0,14.0,28.138603,7.91781,1.0,1.0,1.0,0.4252422,2.0,2.0
3.216335,16.0,16.0,43.422302,18.854963,1.0,1.0,,-0.100916624,-2.0,-2.0
3.3172517,18.0,18.0,43.422302,18.854963,1.0,1.0,1.0,0.100916624,2.0,2.0
2.958046,16.5,16.0,32.383636,10.4869995,0.0,1.0,,-1.2774477,-1.5,-2.0
4.2354937,18.0,18.0,32.383636,10.4869995,0.0,1.0,1.0,1.2774477,1.5,2.0
2.0050652,18.0,17.0,32.44626,10.527596,0.0,1.0,,-0.42152596,3.0,2.0
2.4265912,15.0,15.0,32.44626,10.527596,0.0,1.0,1.0,0.42152596,-3.0,-2.0
1.668593,16.0,16.0,22.472275,5.0500317,1.0,1.0,1.0,-0.405465,1.0,1.0
2.074058,15.0,15.0,22.472275,5.0500317,1.0,1.0,,0.405465,-1.0,-1.0
2.5848837,14.0,14.0,40.358658,16.288214,1.0,1.0,1.0,0.51082563,2.0,2.0
2.074058,12.0,12.0,40.358658,16.288214,1.0,1.0,,-0.51082563,-2.0,-2.0
2.1992214,16.0,16.0,43.30458,18.752867,1.0,1.0,1.0,-1.3664916,-2.0,-2.0
3.565713,18.0,18.0,43.30458,18.752867,1.0,1.0,,1.3664916,2.0,2.0
2.2366238,12.0,12.0,51.274467,26.29071,1.0,1.0,1.0,0.3641714,0.0,0.0
1.8724524,12.0,12.0,51.274467,26.29071,1.0,1.0,,-0.3641714,0.0,0.0
2.0050652,12.0,13.0,44.219025,19.55322,1.0,1.0,1.0,-0.46203542,-1.0,1.0
2.4671006,13.0,12.0,44.219025,19.55322,1.0,1.0,,0.46203542,1.0,-1.0
2.5356934,12.0,12.0,27.230652,7.4150844,0.0,1.0,,-0.70151544,-4.0,-4.0
3.2372088,16.0,16.0,27.230652,7.4150844,0.0,1.0,1.0,0.70151544,4.0,4.0
2.5230083,12.0,12.0,36.364136,13.223503,0.0,1.0,,0.54693055,0.0,0.0
1.9760778,12.0,12.0,36.364136,13.223503,0.0,1.0,1.0,-0.54693055,0.0,0.0
2.36174,12.0,10.0,36.481857,13.309259,1.0,1.0,,0.69314706,0.0,-2.0
1.668593,12.0,12.0,36.481857,13.309259,1.0,1.0,1.0,-0.69314706,0.0,2.0
2.2759895,16.0,16.0,26.088638,6.8061705,0.0,1.0,1.0,0.43424153,0.0,0.0
1.841748,16.0,16.0,26.088638,6.8061705,0.0,1.0,,-0.43424153,0.0,0.0
2.8334947,18.0,18.0,65.04655,42.31053,0.0,1.0,1.0,-0.6828108,2.0,2.0
3.5163054,16.0,16.0,65.04655,42.31053,0.0,1.0,,0.6828108,-2.0,-2.0
2.2958329,15.0,14.0,29.07666,8.454521,1.0,1.0,,-0.14790154,0.0,-1.0
2.4437344,15.0,15.0,29.07666,8.454521,1.0,1.0,1.0,0.14790154,0.0,1.0
2.5069222,12.0,12.0,50.050644,25.050669,1.0,1.0,1.0,0.5198755,0.0,0.0
1.9870467,12.0,12.0,50.050644,25.050669,1.0,1.0,,-0.5198755,0.0,0.0
2.7946432,12.0,12.0,25.970566,6.744703,1.0,1.0,,-0.014411688,0.0,0.0
2.8090549,12.0,12.0,25.970566,6.744703,1.0,1.0,1.0,0.014411688,0.0,0.0
3.234819,12.0,12.0,42.32466,17.913769,0.0,1.0,1.0,-0.013607502,0.0,0.0
3.2484264,12.0,12.0,42.32466,17.913769,0.0,1.0,,0.013607502,0.0,0.0
2.6494222,16.0,16.0,26.926758,7.250503,0.0,1.0,1.0,0.28768206,2.0,2.0
2.36174,14.0,14.0,26.926758,7.250503,0.0,1.0,,-0.28768206,-2.0,-2.0
2.9873776,13.0,12.0,40.936684,16.75812,0.0,0.0,1.0,0.058891296,0.0,-1.0
2.9284863,13.0,13.0,40.936684,16.75812,0.0,0.0,,-0.058891296,0.0,1.0
1.5632325,12.0,12.0,48.249146,23.2798,1.0,1.0,1.0,0.01593864,0.0,0.0
1.5472939,12.0,12.0,48.249146,23.2798,1.0,1.0,,-0.01593864,0.0,0.0
1.668593,12.0,12.0,37.28131,13.898961,1.0,1.0,,-0.7323679,-1.0,-1.0
2.400961,13.0,13.0,37.28131,13.898961,1.0,1.0,1.0,0.7323679,1.0,1.0
1.9860418,13.0,12.0,70.800476,50.127075,0.0,1.0,,0.9269259,1.0,0.0
1.0591159,12.0,12.0,70.800476,50.127075,0.0,1.0,1.0,-0.9269259,-1.0,0.0
2.4681296,13.0,13.0,30.02703,9.016226,0.0,1.0,,-0.23559666,0.0,0.0
2.7037263,13.0,13.0,30.02703,9.016226,0.0,1.0,1.0,0.23559666,0.0,0.0
2.6494222,16.0,16.0,30.22586,9.136026,1.0,1.0,,0.89465153,4.0,4.0
1.7547706,12.0,12.0,30.22586,9.136026,1.0,1.0,1.0,-0.89465153,-4.0,-4.0
2.9949186,13.666667,12.666667,53.32854,28.439333,0.0,1.0,,0.47627974,1.666667,0.666667
2.5186388,12.0,12.0,53.32854,28.439333,0.0,1.0,1.0,-0.47627974,-1.666667,-0.666667
2.9495268,13.0,12.0,37.37439,13.96845,0.0,1.0,1.0,0.6159575,1.0,0.0
2.3335693,12.0,12.0,37.37439,13.96845,0.0,1.0,,-0.6159575,-1.0,0.0
1.668593,13.0,12.0,21.927444,4.8081284,1.0,1.0,,-0.28768206,1.0,0.0
1.9562751,12.0,12.0,21.927444,4.8081284,1.0,1.0,1.0,0.28768206,-1.0,0.0
2.074058,16.0,16.0,23.96988,5.745551,1.0,1.0,1.0,-0.3437717,0.0,0.0
2.4178298,16.0,16.0,23.96988,5.745551,1.0,1.0,,0.3437717,0.0,0.0
2.0756238,18.0,18.0,36.686172,13.458753,0.0,1.0,1.0,-0.28606653,0.0,0.0
2.3616903,18.0,18.0,36.686172,13.458753,0.0,1.0,,0.28606653,0.0,0.0
2.3817654,16.0,16.0,37.31485,13.923981,1.0,1.0,1.0,-0.2950616,0.0,0.0
2.676827,16.0,16.0,37.31485,13.923981,1.0,1.0,,0.2950616,0.0,0.0
2.4599092,14.0,13.5,43.600273,19.009838,1.0,1.0,,0.5149708,3.0,3.5
1.9449384,11.0,10.0,43.600273,19.009838,1.0,1.0,1.0,-0.5149708,-3.0,-3.5
1.5060741,13.0,13.0,18.781647,3.5275025,1.0,1.0,,0.0,0.0,0.0
1.5060741,13.0,13.0,18.781647,3.5275025,1.0,1.0,1.0,0.0,0.0,0.0
2.6718953,14.0,14.0,36.62149,13.411335,1.0,1.0,,0.31015515,2.0,2.0
2.36174,12.0,12.0,36.62149,13.411335,1.0,1.0,1.0,-0.31015515,-2.0,-2.0
3.1647663,14.0,14.0,45.612595,20.805088,1.0,1.0,1.0,0.3722508,2.0,2.0
2.7925155,12.0,12.0,45.612595,20.805088,1.0,1.0,,-0.3722508,-2.0,-2.0
1.6432618,12.0,12.0,30.130274,9.078334,1.0,1.0,1.0,0.06477165,0.0,0.0
1.5784901,12.0,12.0,30.130274,9.078334,1.0,1.0,,-0.06477165,0.0,0.0
3.1979914,14.0,13.0,38.770706,15.031676,1.0,1.0,1.0,0.08701682,1.0,1.0
3.1109746,13.0,12.0,38.770706,15.031676,1.0,1.0,,-0.08701682,-1.0,-1.0
3.0847497,12.0,12.0,45.5551,20.75267,1.0,1.0,1.0,0.109905005,0.0,0.0
2.9748447,12.0,12.0,45.5551,20.75267,1.0,1.0,,-0.109905005,0.0,0.0
0.9135702,12.0,12.0,40.312103,16.250656,1.0,1.0,,-0.85033303,-2.0,-2.0
1.7639033,14.0,14.0,40.312103,16.250656,1.0,1.0,1.0,0.85033303,2.0,2.0
2.074058,14.0,14.0,28.413406,8.073216,1.0,1.0,1.0,-0.72951484,-2.0,-2.0
2.803573,16.0,16.0,28.413406,8.073216,1.0,1.0,,0.72951484,2.0,2.0
2.2563796,16.0,14.0,28.413406,8.073216,1.0,1.0,1.0,-0.50077534,0.0,-2.0
2.757155,16.0,16.0,28.413406,8.073216,1.0,1.0,,0.50077534,0.0,2.0
2.0228353,12.0,12.0,22.0,4.84,1.0,1.0,,0.012337208,-2.0,-1.0
2.010498,14.0,13.0,22.0,4.84,1.0,1.0,1.0,-0.012337208,2.0,1.0
2.3320816,12.5,13.0,35.0,12.25,1.0,1.0,,0.30110502,-3.5,-3.0
2.0309765,16.0,16.0,35.0,12.25,1.0,1.0,1.0,-0.30110502,3.5,3.0
2.3599634,12.0,12.0,40.5,16.4025,1.0,1.0,,-0.14254093,0.0,0.0
2.5025043,12.0,12.0,40.5,16.4025,1.0,1.0,1.0,0.14254093,0.0,0.0
1.4566128,18.0,18.0,24.0,5.76,1.0,1.0,1.0,-0.5187938,2.0,2.0
1.9754066,16.0,16.0,24.0,5.76,1.0,1.0,,0.5187938,-2.0,-2.0
2.108938,12.0,12.0,48.0,23.04,1.0,1.0,1.0,0.4700036,-1.0,0.0
1.6389344,13.0,12.0,48.0,23.04,1.0,1.0,,-0.4700036,1.0,0.0
2.4498646,12.0,12.0,55.0,30.25,1.0,1.0,,-0.579705,-3.0,-3.0
3.0295696,15.0,15.0,55.0,30.25,1.0,1.0,1.0,0.579705,3.0,3.0
2.695335,12.0,12.0,55.0,30.25,0.0,1.0,,0.4967847,0.0,0.0
2.1985502,12.0,12.0,55.0,30.25,0.0,1.0,1.0,-0.4967847,0.0,0.0
1.862078,12.0,13.0,55.0,30.25,1.0,0.0,1.0,0.38566244,-0.5,1.0
1.4764155,12.5,12.0,55.0,30.25,1.0,0.0,,-0.38566244,0.5,-1.0
2.6043038,12.0,12.0,53.5,28.6225,1.0,0.5,1.0,0.8674271,0.0,0.0
1.7368767,12.0,12.0,53.5,28.6225,1.0,1.0,,-0.8674271,0.0,0.0
2.7036452,12.0,12.0,50.0,25.0,1.0,1.0,,-0.16609836,0.0,0.0
2.8697436,12.0,12.0,50.0,25.0,0.0,1.0,1.0,0.16609836,0.0,0.0
2.1734924,15.5,16.0,50.5,25.5025,1.0,1.0,1.0,-1.188345,-2.0,-2.0
3.3618374,17.5,18.0,50.5,25.5025,1.0,1.0,,1.188345,2.0,2.0
1.4764155,14.0,14.0,20.0,4.0,1.0,1.0,,-0.109118104,0.0,0.0
1.5855336,14.0,14.0,20.0,4.0,1.0,1.0,1.0,0.109118104,0.0,0.0
1.4996722,12.0,12.0,31.0,9.61,1.0,1.0,,0.0,0.0,0.0
1.4996722,12.0,12.0,31.0,9.61,1.0,1.0,1.0,0.0,0.0,0.0
4.4523454,17.0,17.0,48.0,23.04,0.0,1.0,1.0,0.7205465,1.0,1.0
3.731799,16.0,16.0,48.0,23.04,0.0,1.0,,-0.7205465,-1.0,-1.0
1.846529,14.0,15.0,23.5,5.5225,1.0,1.0,1.0,-0.020411015,-0.5,0.25
1.86694,14.5,14.75,23.5,5.5225,1.0,0.5,,0.020411015,0.5,-0.25
2.0922327,12.0,12.0,50.5,25.5025,1.0,0.0,,-1.2694869,0.0,0.0
3.3617196,12.0,12.0,50.5,25.5025,1.0,0.0,1.0,1.2694869,0.0,0.0
2.956236,16.0,16.0,39.0,15.21,1.0,0.0,1.0,-0.06899285,0.0,0.0
3.0252287,16.0,16.0,39.0,15.21,1.0,0.0,,0.06899285,0.0,0.0
2.5327523,12.0,12.0,33.0,10.89,0.0,0.0,,-0.2047944,0.0,0.0
2.7375467,12.0,12.0,33.0,10.89,0.0,0.0,1.0,0.2047944,0.0,0.0
0.7226437,12.0,12.0,44.0,19.36,1.0,1.0,1.0,-1.5227902,0.0,0.0
2.2454338,12.0,12.0,44.0,19.36,1.0,1.0,,1.5227902,0.0,0.0
1.7720113,14.0,14.0,23.0,5.29,1.0,1.0,,-0.013361573,-1.0,0.0
1.7853729,15.0,14.0,23.0,5.29,1.0,1.0,1.0,0.013361573,1.0,0.0
2.2995584,16.0,16.0,27.0,7.29,1.0,1.0,,0.46177316,0.0,0.0
1.8377852,16.0,16.0,27.0,7.29,1.0,1.0,1.0,-0.46177316,0.0,0.0
1.6626667,13.5,14.0,19.5,3.8025,1.0,1.0,1.0,0.0,0.5,0.5
1.6626667,13.0,13.5,19.5,3.8025,1.0,1.0,,0.0,-0.5,-0.5
1.9278916,13.5,14.0,43.5,18.9225,1.0,0.0,1.0,-0.47329247,1.0,1.0
2.401184,12.5,13.0,43.5,18.9225,1.0,0.5,,0.47329247,-1.0,-1.0
0.98500776,17.0,14.0,21.0,4.41,1.0,1.0,,-0.8770702,4.0,-2.0
1.862078,13.0,16.0,21.0,4.41,1.0,1.0,1.0,0.8770702,-4.0,2.0
1.9754066,16.0,18.0,66.0,43.56,1.0,1.0,1.0,-0.22314358,-2.0,2.0
2.1985502,18.0,16.0,66.0,43.56,1.0,1.0,,0.22314358,2.0,-2.0
3.2483723,16.0,16.0,34.0,11.56,0.0,1.0,,0.3285041,0.0,0.0
2.9198682,16.0,16.0,34.0,11.56,0.0,1.0,1.0,-0.3285041,0.0,0.0
2.2031112,12.0,12.0,57.0,32.49,1.0,1.0,,0.4779991,2.0,1.0
1.7251121,10.0,11.0,57.0,32.49,1.0,1.0,1.0,-0.4779991,-2.0,-1.0
1.6877246,12.0,13.0,51.0,26.01,1.0,1.0,1.0,-0.06675613,-1.0,1.0
1.7544807,13.0,12.0,51.0,26.01,1.0,1.0,,0.06675613,1.0,-1.0
3.1793795,16.0,16.0,45.0,20.25,1.0,0.0,,0.28768206,0.0,0.0
2.8916974,16.0,16.0,45.0,20.25,1.0,0.0,1.0,-0.28768206,0.0,0.0
1.6389344,13.0,13.0,52.0,27.04,1.0,1.0,1.0,-0.122217655,0.0,0.0
1.761152,13.0,13.0,52.0,27.04,1.0,1.0,,0.122217655,0.0,0.0
2.1972246,12.0,12.0,39.5,15.6025,1.0,1.0,,-0.46668243,-1.0,-1.0
2.663907,13.0,13.0,39.5,15.6025,1.0,1.0,1.0,0.46668243,1.0,1.0
3.2091463,18.0,16.0,57.0,32.49,0.0,1.0,1.0,-0.3269081,0.0,-2.0
3.5360544,18.0,18.0,57.0,32.49,0.0,1.0,,0.3269081,0.0,2.0
1.9464191,12.0,12.0,18.0,3.24,0.0,1.0,1.0,1.1608006,0.0,0.0
0.78561854,12.0,12.0,18.0,3.24,0.0,1.0,,-1.1608006,0.0,0.0
3.0252287,18.0,18.0,28.0,7.84,1.0,1.0,1.0,0.28768206,0.0,0.0
2.7375467,18.0,18.0,28.0,7.84,1.0,1.0,,-0.28768206,0.0,0.0
2.5424728,12.0,12.0,45.5,20.7025,1.0,1.0,,0.3586707,-1.5,-1.0
2.1838021,13.5,13.0,45.5,20.7025,1.0,1.0,1.0,-0.3586707,1.5,1.0
1.9166503,13.0,13.0,38.5,14.8225,0.0,1.0,,-0.65420437,0.0,-1.0
2.5708547,13.0,14.0,38.5,14.8225,0.0,1.0,1.0,0.65420437,0.0,1.0
1.8540457,13.0,13.0,25.0,6.25,1.0,1.0,,0.07534933,0.0,1.0
1.7786964,13.0,12.0,25.0,6.25,1.0,1.0,1.0,-0.07534933,0.0,-1.0
2.8206608,12.0,12.0,46.0,21.16,0.0,1.0,1.0,-0.04204893,0.0,0.0
2.8627098,12.0,12.0,46.0,21.16,0.0,1.0,,0.04204893,0.0,0.0
1.8212559,16.0,16.0,25.0,6.25,0.0,1.0,1.0,-0.91629076,0.0,0.0
2.7375467,16.0,16.0,25.0,6.25,0.0,1.0,,0.91629076,0.0,0.0
1.8779513,14.0,14.0,22.0,4.84,1.0,1.0,1.0,0.2798388,0.0,0.0
1.5981125,14.0,14.0,22.0,4.84,1.0,1.0,,-0.2798388,0.0,0.0
2.3808718,12.0,12.0,38.0,14.44,1.0,1.0,,0.074108124,-4.0,-4.0
2.3067636,16.0,16.0,38.0,14.44,1.0,1.0,1.0,-0.074108124,4.0,4.0
2.6685538,14.0,14.0,38.0,14.44,1.0,1.0,1.0,0.44183278,2.0,2.0
2.226721,12.0,12.0,38.0,14.44,1.0,1.0,,-0.44183278,-2.0,-2.0
2.4862323,12.0,13.0,38.0,14.44,1.0,1.0,1.0,-0.084866285,-2.0,1.0
2.5710986,14.0,12.0,38.0,14.44,1.0,1.0,,0.084866285,2.0,-1.0
2.514403,14.0,14.0,25.0,6.25,0.0,1.0,1.0,0.0,0.0,0.0
2.514403,14.0,14.0,25.0,6.25,0.0,1.0,,0.0,0.0,0.0
2.1275144,12.0,12.0,35.0,12.25,1.0,1.0,1.0,-0.099206686,-2.0,-1.0
2.226721,14.0,13.0,35.0,12.25,1.0,1.0,,0.099206686,2.0,1.0
1.8443724,13.0,14.0,30.0,9.0,0.0,0.0,1.0,0.041808605,1.0,1.0
1.8025638,12.0,13.0,30.0,9.0,0.0,0.0,,-0.041808605,-1.0,-1.0
2.514403,12.0,14.0,43.0,18.49,1.0,1.0,1.0,0.45413017,0.0,2.0
2.060273,12.0,12.0,43.0,18.49,1.0,1.0,,-0.45413017,0.0,-2.0
2.4982703,14.0,16.0,38.0,14.44,1.0,1.0,,1.7126517,2.0,4.0
0.78561854,12.0,12.0,38.0,14.44,1.0,1.0,1.0,-1.7126517,-2.0,-4.0
2.6685538,12.0,12.0,53.0,28.09,0.0,1.0,,0.75047374,0.0,0.0
1.9180801,12.0,12.0,53.0,28.09,0.0,1.0,1.0,-0.75047374,0.0,0.0
1.6389344,11.0,11.0,62.0,38.44,1.0,1.0,,-0.5877867,0.0,0.0
2.226721,11.0,11.0,62.0,38.44,1.0,1.0,1.0,0.5877867,0.0,0.0
2.224921,16.0,16.0,26.5,7.0225,1.0,1.0,1.0,0.14137244,0.0,0.0
2.0835485,16.0,16.0,26.5,7.0225,1.0,1.0,,-0.14137244,0.0,0.0
2.475177,12.0,12.0,40.0,16.0,1.0,1.0,,-0.77319527,1.0,1.0
3.2483723,11.0,11.0,40.0,16.0,1.0,1.0,1.0,0.77319527,-1.0,-1.0
2.8876889,12.0,12.0,33.0,10.89,0.0,1.0,,0.1501422,0.0,0.0
2.7375467,12.0,12.0,33.0,10.89,0.0,1.0,1.0,-0.1501422,0.0,0.0
1.5211514,12.0,12.0,50.0,25.0,1.0,1.0,,-0.5232481,0.0,0.0
2.0443995,12.0,12.0,50.0,25.0,1.0,1.0,1.0,0.5232481,0.0,0.0
3.9135208,12.0,12.0,35.5,12.6025,1.0,1.0,1.0,1.2855103,-0.5,0.0
2.6280105,12.5,12.0,35.5,12.6025,1.0,1.0,,-1.2855103,0.5,0.0
2.4044023,12.0,12.0,45.0,20.25,0.0,1.0,1.0,0.023530483,0.0,0.0
2.3808718,12.0,12.0,45.0,20.25,0.0,1.0,,-0.023530483,0.0,0.0
3.6792886,18.0,18.0,34.0,11.56,1.0,1.0,1.0,0.6540599,0.0,0.0
3.0252287,18.0,18.0,34.0,11.56,1.0,1.0,,-0.6540599,0.0,0.0
2.8020852,16.0,15.0,32.0,10.24,0.0,1.0,,-0.3270185,1.0,-1.0
3.1291037,15.0,16.0,32.0,10.24,0.0,0.0,1.0,0.3270185,-1.0,1.0
2.8627098,12.0,12.0,48.0,23.04,0.0,1.0,,0.4031148,0.0,0.0
2.459595,12.0,12.0,48.0,23.04,0.0,1.0,1.0,-0.4031148,0.0,0.0
2.8627098,12.0,12.0,45.0,20.25,1.0,0.0,1.0,0.19415593,0.0,0.0
2.6685538,12.0,12.0,45.0,20.25,1.0,0.0,,-0.19415593,0.0,0.0
2.7497795,14.0,14.0,55.5,30.8025,0.0,1.0,1.0,-0.35384202,0.0,0.0
3.1036215,14.0,14.0,55.5,30.8025,0.0,1.0,,0.35384202,0.0,0.0
1.8212559,13.0,14.0,25.0,6.25,1.0,1.0,1.0,-0.51082563,-1.0,1.0
2.3320816,14.0,13.0,25.0,6.25,0.0,1.0,,0.51082563,1.0,-1.0
2.1577282,14.0,13.0,39.0,15.21,1.0,1.0,,0.10140014,2.0,1.0
2.056328,12.0,12.0,39.0,15.21,1.0,1.0,1.0,-0.10140014,-2.0,-1.0
1.5335739,12.0,12.0,52.0,27.04,1.0,1.0,1.0,-0.85566616,0.0,2.0
2.38924,12.0,10.0,52.0,27.04,1.0,1.0,,0.85566616,0.0,-2.0
2.514403,16.0,16.0,59.0,34.81,1.0,1.0,1.0,-0.22314358,0.0,0.0
2.7375467,16.0,16.0,59.0,34.81,1.0,1.0,,0.22314358,0.0,0.0
3.074019,17.0,18.0,36.0,12.96,1.0,1.0,,0.048790216,3.0,4.0
3.0252287,14.0,14.0,36.0,12.96,1.0,1.0,1.0,-0.048790216,-3.0,-4.0
1.4881116,15.0,15.0,25.0,6.25,1.0,1.0,,0.0,0.0,0.0
1.4881116,15.0,15.0,25.0,6.25,1.0,1.0,1.0,0.0,0.0,0.0
2.226721,14.0,14.0,29.0,8.41,0.0,1.0,,-0.28768206,0.0,0.0
2.514403,14.0,14.0,29.0,8.41,0.0,1.0,1.0,0.28768206,0.0,0.0
2.7205713,16.0,16.0,26.5,7.0225,0.0,1.0,1.0,0.10381961,2.0,1.0
2.6167517,14.0,15.0,26.5,7.0225,0.0,1.0,,-0.10381961,-2.0,-1.0
2.0941896,16.0,16.0,34.5,11.9025,0.0,1.0,,-0.028931856,4.0,4.0
2.1231215,12.0,12.0,34.5,11.9025,0.0,1.0,1.0,0.028931856,-4.0,-4.0
2.1397097,12.0,12.0,22.0,4.84,1.0,1.0,,0.18014216,0.0,0.0
1.9595675,12.0,12.0,22.0,4.84,1.0,1.0,1.0,-0.18014216,0.0,0.0
2.1295366,16.0,16.0,27.0,7.29,1.0,1.0,1.0,-0.20254493,-2.0,-2.0
2.3320816,18.0,18.0,27.0,7.29,1.0,1.0,,0.20254493,2.0,2.0
3.1195385,18.0,18.0,36.0,12.96,0.0,1.0,,0.0,0.0,0.0
3.1195385,18.0,18.0,36.0,12.96,1.0,1.0,1.0,0.0,0.0,0.0
4.1565375,16.0,16.0,24.0,5.76,0.0,1.0,,0.616364,0.0,0.0
3.5401735,16.0,16.0,24.0,5.76,0.0,1.0,1.0,-0.616364,0.0,0.0
0.7761842,12.0,12.0,21.0,4.41,1.0,1.0,1.0,-0.009434342,0.0,0.0
0.78561854,12.0,12.0,21.0,4.41,1.0,1.0,,0.009434342,0.0,0.0
2.434349,12.0,12.0,32.0,10.24,1.0,1.0,,-0.27720928,0.0,0.0
2.7115583,12.0,12.0,32.0,10.24,1.0,1.0,1.0,0.27720928,0.0,0.0
1.7342446,13.0,13.0,19.0,3.61,0.0,1.0,1.0,0.09531021,1.0,1.0
1.6389344,12.0,12.0,19.0,3.61,0.0,1.0,,-0.09531021,-1.0,-1.0
2.25628,12.0,11.0,53.0,28.09,1.0,1.0,,-0.08773017,-2.0,-1.0
2.34401,14.0,12.0,53.0,28.09,1.0,1.0,1.0,0.08773017,2.0,1.0
2.7984881,12.0,12.0,41.5,17.2225,0.0,1.0,1.0,0.061406612,-0.5,0.0
2.7370815,12.5,12.0,41.5,17.2225,0.0,1.0,,-0.061406612,0.5,0.0
2.5552251,18.0,18.0,39.0,15.21,1.0,1.0,1.0,-0.33647227,0.0,2.0
2.8916974,18.0,16.0,39.0,15.21,1.0,1.0,,0.33647227,0.0,-2.0
1.6634107,12.0,12.0,38.5,14.8225,1.0,1.0,,-1.0220261,-1.5,-1.5
2.6854367,13.5,13.5,38.5,14.8225,1.0,1.0,1.0,1.0220261,1.5,1.5
2.986007,18.0,18.0,49.0,24.01,0.0,1.0,,-0.63705873,2.0,2.0
3.6230657,16.0,16.0,49.0,24.01,0.0,1.0,1.0,0.63705873,-2.0,-2.0
2.7391934,14.5,14.0,44.5,19.8025,1.0,0.0,,0.4475069,-1.5,-2.0
2.2916865,16.0,16.0,44.5,19.8025,1.0,0.0,1.0,-0.4475069,1.5,2.0
2.8729637,12.0,12.0,66.0,43.56,0.0,0.0,1.0,0.16989899,0.0,0.0
2.7030647,12.0,12.0,66.0,43.56,0.0,0.0,,-0.16989899,0.0,0.0
2.9992406,16.0,16.0,47.0,22.09,1.0,1.0,,-0.39222717,0.0,0.0
3.3914678,16.0,16.0,47.0,22.09,1.0,1.0,1.0,0.39222717,0.0,0.0
2.4560366,14.0,12.0,50.0,25.0,1.0,1.0,1.0,0.12395501,2.0,-1.0
2.3320816,12.0,13.0,50.0,25.0,1.0,1.0,,-0.12395501,-2.0,1.0
1.3023431,14.5,15.0,20.5,4.2025,1.0,1.0,1.0,-0.09674263,0.0,0.5
1.3990858,14.5,14.5,20.5,4.2025,1.0,1.0,,0.09674263,0.0,-0.5
1.805639,12.0,12.0,43.5,18.9225,1.0,1.0,,-0.23098564,0.0,0.0
2.0366247,12.0,12.0,43.5,18.9225,1.0,1.0,1.0,0.23098564,0.0,0.0
2.3139176,16.0,16.0,44.0,19.36,1.0,1.0,,-0.2413075,-1.0,0.0
2.5552251,17.0,16.0,44.0,19.36,1.0,1.0,1.0,0.2413075,1.0,0.0
2.0118763,12.0,12.0,43.0,18.49,1.0,1.0,,-0.097061634,-1.0,-1.0
2.108938,13.0,13.0,43.0,18.49,1.0,1.0,1.0,0.097061634,1.0,1.0
3.0252287,14.0,14.0,52.0,27.04,1.0,1.0,,0.51082563,0.0,0.0
2.514403,14.0,14.0,52.0,27.04,1.0,1.0,1.0,-0.51082563,0.0,0.0
2.5060349,13.0,12.0,61.0,37.21,1.0,1.0,1.0,-0.23151183,1.0,0.0
2.7375467,12.0,12.0,67.0,44.89,1.0,1.0,,0.23151183,-1.0,0.0
2.314822,14.0,14.0,38.0,14.44,1.0,1.0,1.0,0.12776613,2.0,2.0
2.1870558,12.0,12.0,38.0,14.44,1.0,1.0,,-0.12776613,-2.0,-2.0
1.9867704,12.0,9.0,36.0,12.96,1.0,1.0,1.0,0.0028288364,0.0,-3.0
1.9839416,12.0,12.0,36.0,12.96,1.0,0.0,,-0.0028288364,0.0,3.0
2.1750898,13.5,15.0,24.5,6.0025,0.0,0.5,,0.22212315,-1.0,0.5
1.9529667,14.5,14.5,24.5,6.0025,0.0,1.0,1.0,-0.22212315,1.0,-0.5
2.819434,12.0,12.0,58.0,33.64,0.0,1.0,,0.2562406,0.0,0.0
2.5631933,12.0,12.0,58.0,33.64,0.0,1.0,1.0,-0.2562406,0.0,0.0
2.226721,18.0,18.0,30.0,9.0,1.0,0.0,1.0,-0.51082563,1.0,0.0
2.7375467,17.0,18.0,30.0,9.0,1.0,0.0,,0.51082563,-1.0,0.0
1.7342446,12.0,12.0,50.0,25.0,1.0,1.0,,-0.57763433,0.0,0.0
2.311879,12.0,12.0,50.0,25.0,1.0,1.0,1.0,0.57763433,0.0,0.0
2.4470859,16.0,16.0,32.5,10.5625,1.0,1.0,1.0,-0.18455172,-2.0,-1.5
2.6316376,18.0,17.5,32.5,10.5625,1.0,1.0,,0.18455172,2.0,1.5
2.6685538,13.0,14.0,42.0,17.64,0.0,1.0,,-0.51081705,-3.0,-2.0
3.1793709,16.0,16.0,42.0,17.64,0.0,1.0,1.0,0.51081705,3.0,2.0
1.9956093,13.0,14.0,29.0,8.41,1.0,1.0,1.0,0.020202637,-1.0,0.0
1.9754066,14.0,14.0,29.0,8.41,1.0,1.0,,-0.020202637,1.0,0.0
1.4454495,12.0,12.0,52.5,27.5625,1.0,1.0,1.0,-0.030966043,0.0,0.0
1.4764155,12.0,12.0,52.5,27.5625,1.0,1.0,,0.030966043,0.0,0.0
2.599816,16.0,16.0,32.0,10.24,1.0,1.0,,-0.068737745,3.0,4.0
2.6685538,13.0,12.0,32.0,10.24,1.0,1.0,1.0,0.068737745,-3.0,-4.0
2.0443995,12.0,12.0,33.0,10.89,1.0,1.0,1.0,0.2535888,-1.0,-1.0
1.7908107,13.0,13.0,33.0,10.89,1.0,1.0,,-0.2535888,1.0,1.0
2.226721,12.0,12.0,59.0,34.81,1.0,1.0,,0.3254224,0.0,0.0
1.9012986,12.0,12.0,59.0,34.81,1.0,1.0,1.0,-0.3254224,0.0,0.0
2.859764,12.0,12.0,24.0,5.76,0.0,1.0,1.0,0.12221742,1.0,2.0
2.7375467,11.0,10.0,24.0,5.76,0.0,1.0,,-0.12221742,-1.0,-2.0
2.7375467,12.0,11.0,36.0,12.96,1.0,1.0,1.0,0.45675826,0.0,-1.0
2.2807884,12.0,12.0,36.0,12.96,1.0,1.0,,-0.45675826,0.0,1.0
2.7227983,13.0,13.0,39.5,15.6025,1.0,1.0,,0.068992615,0.0,0.0
2.6538057,13.0,13.0,39.5,15.6025,1.0,1.0,1.0,-0.068992615,0.0,0.0
2.0304775,13.0,13.0,26.0,6.76,1.0,1.0,1.0,-0.3321333,1.0,1.0
2.3626108,12.0,12.0,26.0,6.76,1.0,1.0,,0.3321333,-1.0,-1.0
2.2367713,14.0,12.0,35.0,12.25,1.0,1.0,1.0,-0.21309328,1.0,-2.0
2.4498646,13.0,14.0,35.0,12.25,1.0,1.0,,0.21309328,-1.0,2.0
4.1536074,16.0,16.0,47.0,22.09,0.0,1.0,1.0,0.05795145,0.0,0.0
4.095656,16.0,16.0,47.0,22.09,0.0,1.0,,-0.05795145,0.0,0.0
2.3025851,12.0,12.0,66.0,43.56,1.0,1.0,,-0.1718502,-3.0,-3.0
2.4744353,15.0,15.0,66.0,43.56,1.0,1.0,1.0,0.1718502,3.0,3.0
2.9704144,15.0,15.0,27.0,7.29,0.0,1.0,1.0,0.61903906,0.0,0.0
2.3513753,15.0,15.0,27.0,7.29,0.0,1.0,,-0.61903906,0.0,0.0
1.5581446,16.0,16.0,25.0,6.25,1.0,1.0,,-0.051293373,0.0,0.0
1.609438,16.0,16.0,25.0,6.25,1.0,1.0,1.0,0.051293373,0.0,0.0
2.0794415,16.0,16.0,24.0,5.76,1.0,1.0,,0.13353145,0.0,0.0
1.9459101,16.0,16.0,24.0,5.76,1.0,1.0,1.0,-0.13353145,0.0,0.0
3.7674422,18.0,18.0,33.0,10.89,0.0,1.0,1.0,-0.10536146,0.0,0.0
3.8728037,18.0,18.0,33.0,10.89,0.0,1.0,,0.10536146,0.0,0.0
1.8718022,13.0,14.0,22.0,4.84,1.0,1.0,1.0,-0.074107885,-2.0,-2.0
1.9459101,15.0,16.0,22.0,4.84,1.0,1.0,,0.074107885,2.0,2.0
3.0009642,15.0,14.0,47.0,22.09,0.0,1.0,1.0,0.26760173,0.0,-4.0
2.7333624,15.0,18.0,47.0,22.09,0.0,1.0,,-0.26760173,0.0,4.0
3.8918202,16.0,16.0,28.0,7.84,1.0,1.0,1.0,0.93530965,0.0,0.0
2.9565105,16.0,16.0,28.0,7.84,1.0,1.0,,-0.93530965,0.0,0.0
2.6798792,18.0,18.0,42.0,17.64,1.0,1.0,1.0,-0.46313262,0.0,0.0
3.1430118,18.0,18.0,42.0,17.64,1.0,1.0,,0.46313262,0.0,0.0
1.446919,13.0,13.0,24.0,5.76,0.0,1.0,,-0.34484053,0.0,0.0
1.7917595,13.0,13.0,24.0,5.76,0.0,1.0,1.0,0.34484053,0.0,0.0
2.5902672,18.0,16.0,37.0,13.69,0.0,1.0,1.0,-0.11778307,2.0,0.0
2.7080503,16.0,16.0,37.0,13.69,0.0,1.0,,0.11778307,-2.0,0.0
1.974081,16.0,16.0,24.0,5.76,1.0,0.0,1.0,-0.3285041,0.0,0.0
2.3025851,16.0,16.0,24.0,5.76,1.0,0.0,,0.3285041,0.0,0.0
3.7674422,16.0,16.0,63.0,39.69,0.0,1.0,1.0,-0.28768063,0.0,0.0
4.055123,16.0,16.0,63.0,39.69,0.0,1.0,,0.28768063,0.0,0.0
1.5475625,13.0,13.0,19.0,3.61,1.0,1.0,,0.02150631,0.0,0.0
1.5260562,13.0,13.0,19.0,3.61,1.0,1.0,1.0,-0.02150631,0.0,0.0
2.8857315,12.0,12.0,38.0,14.44,0.0,1.0,1.0,0.31121254,0.0,0.0
2.574519,12.0,12.0,38.0,14.44,0.0,1.0,,-0.31121254,0.0,0.0
1.5368671,12.0,12.0,21.0,4.41,0.0,1.0,,-0.23808515,0.0,0.0
1.7749523,12.0,12.0,21.0,4.41,0.0,1.0,1.0,0.23808515,0.0,0.0
2.5257287,16.0,16.0,24.0,5.76,0.0,1.0,1.0,0.08338165,0.0,0.0
2.442347,16.0,16.0,24.0,5.76,0.0,1.0,,-0.08338165,0.0,0.0
1.5151273,8.0,9.5,38.0,14.44,1.0,1.0,,-0.6920477,-2.0,1.5
2.207175,10.0,8.0,38.0,14.44,1.0,1.0,1.0,0.6920477,2.0,-1.5
1.8794651,11.0,12.0,44.0,19.36,1.0,1.0,1.0,0.0076628923,-1.0,-4.0
1.8718022,12.0,16.0,44.0,19.36,1.0,1.0,,-0.0076628923,1.0,4.0
2.1341665,12.0,12.0,30.0,9.0,1.0,1.0,1.0,-0.034887314,-1.0,-1.0
2.1690538,13.0,13.0,30.0,9.0,0.0,1.0,,0.034887314,1.0,1.0
3.637586,16.0,16.0,45.0,20.25,1.0,1.0,1.0,0.1310308,-1.0,-2.0
3.5065553,17.0,18.0,45.0,20.25,1.0,1.0,,-0.1310308,1.0,2.0
1.658228,16.0,16.0,70.0,49.0,0.0,0.0,1.0,-0.34460247,2.0,2.0
2.0028305,14.0,14.0,70.0,49.0,0.0,0.0,,0.34460247,-2.0,-2.0
2.3895965,12.0,12.0,58.0,33.64,0.0,1.0,1.0,0.33832574,0.0,0.0
2.0512707,12.0,12.0,58.0,33.64,0.0,1.0,,-0.33832574,0.0,0.0
2.5048356,16.0,16.0,43.0,18.49,1.0,1.0,,0.059146643,0.0,0.0
2.445689,16.0,16.0,43.0,18.49,1.0,1.0,1.0,-0.059146643,0.0,0.0
2.6390574,12.0,13.0,39.0,15.21,0.0,1.0,,-0.03509116,-2.0,-1.0
2.6741486,14.0,14.0,39.0,15.21,0.0,1.0,1.0,0.03509116,2.0,1.0
2.2332351,15.0,14.0,33.0,10.89,1.0,1.0,,0.15379357,0.0,-1.0
2.0794415,15.0,15.0,33.0,10.89,1.0,1.0,1.0,-0.15379357,0.0,1.0
1.9095426,10.0,11.0,61.0,37.21,1.0,1.0,1.0,-0.7985077,-1.0,1.0
2.7080503,11.0,10.0,61.0,37.21,1.0,1.0,,0.7985077,1.0,-1.0
3.218876,16.0,14.0,43.0,18.49,0.0,1.0,,0.2320602,0.0,-2.0
2.9868157,16.0,16.0,43.0,18.49,0.0,1.0,1.0,-0.2320602,0.0,2.0
3.363457,16.0,16.0,49.0,24.01,0.0,1.0,1.0,-0.32542253,0.0,0.0
3.6888795,16.0,16.0,49.0,24.01,0.0,1.0,,0.32542253,0.0,0.0
1.609438,12.0,12.0,57.0,32.49,1.0,1.0,1.0,-0.479954,0.0,0.0
2.089392,12.0,12.0,57.0,32.49,1.0,1.0,,0.479954,0.0,0.0
3.218876,14.0,15.0,39.0,15.21,1.0,0.0,,1.3862944,-2.0,-1.0
1.8325815,16.0,16.0,39.0,15.21,1.0,0.0,1.0,-1.3862944,2.0,1.0
1.8405497,13.0,12.0,37.0,13.69,1.0,1.0,1.0,-0.17435336,1.0,-2.0
2.014903,12.0,14.0,37.0,13.69,1.0,1.0,,0.17435336,-1.0,2.0
2.668824,16.0,16.0,30.0,9.0,0.0,1.0,1.0,-0.32690835,-1.0,-1.0
2.9957323,17.0,17.0,30.0,9.0,0.0,1.0,,0.32690835,1.0,1.0
2.3121638,14.0,12.0,23.0,5.29,1.0,1.0,1.0,-0.108204365,2.0,0.0
2.4203682,12.0,12.0,23.0,5.29,1.0,1.0,,0.108204365,-2.0,0.0
2.2155738,18.0,18.0,30.0,9.0,0.0,1.0,,0.09531021,0.0,0.0
2.1202636,18.0,18.0,30.0,9.0,0.0,1.0,1.0,-0.09531021,0.0,0.0
2.3223877,14.0,14.0,40.0,16.0,1.0,1.0,,-0.119959354,1.0,1.0
2.442347,13.0,13.0,40.0,16.0,1.0,1.0,1.0,0.119959354,-1.0,-1.0
4.8928523,18.0,18.0,64.0,40.96,0.0,1.0,1.0,0.60613585,0.0,0.0
4.2867165,18.0,18.0,64.0,40.96,0.0,1.0,,-0.60613585,0.0,0.0
2.8234947,12.0,12.0,50.0,25.0,1.0,0.0,1.0,0.18443727,0.0,0.0
2.6390574,12.0,12.0,50.0,25.0,1.0,0.0,,-0.18443727,0.0,0.0
2.6908135,16.0,16.0,32.0,10.24,0.0,1.0,,-0.065033436,0.0,0.0
2.755847,16.0,16.0,32.0,10.24,0.0,1.0,1.0,0.065033436,0.0,0.0
3.056357,16.0,16.0,35.0,12.25,1.0,1.0,1.0,-0.4695475,0.0,0.0
3.5259044,16.0,16.0,35.0,12.25,1.0,1.0,,0.4695475,0.0,0.0
2.9565177,18.0,18.0,29.0,8.41,0.0,1.0,,-0.7323618,2.0,2.0
3.6888795,16.0,16.0,29.0,8.41,0.0,1.0,1.0,0.7323618,-2.0,-2.0
2.6390574,13.0,12.0,31.0,9.61,1.0,1.0,,0.048790216,1.0,0.0
2.5902672,12.0,12.0,31.0,9.61,1.0,1.0,1.0,-0.048790216,-1.0,0.0
2.3978953,13.0,14.0,44.0,19.36,1.0,1.0,1.0,0.6044705,1.0,2.0
1.7934248,12.0,12.0,44.0,19.36,1.0,1.0,,-0.6044705,-1.0,-2.0
3.2566147,16.0,16.0,33.0,10.89,0.0,1.0,,0.07695818,0.0,0.0
3.1796565,16.0,16.0,33.0,10.89,0.0,1.0,1.0,-0.07695818,0.0,0.0
2.5510411,15.0,14.0,44.0,19.36,1.0,1.0,1.0,-0.19783115,3.0,2.0
2.7488723,12.0,12.0,44.0,19.36,1.0,1.0,,0.19783115,-3.0,-2.0
2.4638534,13.0,12.0,32.0,10.24,1.0,1.0,1.0,0.16126823,-1.0,0.0
2.3025851,14.0,12.0,32.0,10.24,1.0,1.0,,-0.16126823,1.0,0.0
2.0794415,12.0,12.0,55.0,30.25,1.0,1.0,1.0,-0.78731966,0.0,0.0
2.8667612,12.0,12.0,55.0,30.25,1.0,1.0,,0.78731966,0.0,0.0
3.4011974,12.0,13.0,49.0,24.01,0.0,1.0,,0.56246996,-1.0,1.0
2.8387275,13.0,12.0,49.0,24.01,0.0,1.0,1.0,-0.56246996,1.0,-1.0
4.828314,16.0,18.0,42.0,17.64,0.0,1.0,1.0,1.6776435,3.0,5.0
3.1506703,13.0,13.0,42.0,17.64,0.0,0.0,,-1.6776435,-3.0,-5.0
2.0794415,18.0,18.0,30.0,9.0,1.0,1.0,1.0,-0.40546513,2.0,2.0
2.4849067,16.0,16.0,30.0,9.0,1.0,1.0,,0.40546513,-2.0,-2.0
1.658228,18.0,13.0,29.0,8.41,0.0,1.0,,-0.36331952,5.0,1.0
2.0215476,13.0,12.0,29.0,8.41,0.0,1.0,1.0,0.36331952,-5.0,-1.0
2.7725887,12.0,12.0,54.0,29.16,1.0,1.0,1.0,-0.0068514347,0.0,0.0
2.7794402,12.0,12.0,54.0,29.16,1.0,1.0,,0.0068514347,0.0,0.0
3.218876,15.0,15.0,50.0,25.0,1.0,1.0,1.0,0.51082563,-1.0,-1.0
2.7080503,16.0,16.0,50.0,25.0,1.0,1.0,,-0.51082563,1.0,1.0
1.704748,15.0,16.0,26.0,6.76,0.0,1.0,1.0,-0.41551554,-1.0,0.0
2.1202636,16.0,16.0,26.0,6.76,0.0,0.0,,0.41551554,1.0,0.0
3.2834144,18.0,18.0,34.0,11.56,0.0,1.0,,0.06453848,0.0,0.0
3.218876,18.0,18.0,34.0,11.56,0.0,1.0,1.0,-0.06453848,0.0,0.0
1.9459101,15.0,16.0,31.0,9.61,1.0,1.0,1.0,-0.26136482,-1.0,1.0
2.207275,16.0,15.0,31.0,9.61,1.0,1.0,,0.26136482,1.0,-1.0
2.4149227,16.0,16.0,50.0,25.0,1.0,1.0,1.0,-1.1606269,0.0,0.0
3.5755496,16.0,16.0,50.0,25.0,1.0,1.0,,1.1606269,0.0,0.0
2.0794415,18.0,18.0,23.0,5.29,1.0,1.0,1.0,-0.089612246,3.0,0.0
2.1690538,15.0,18.0,23.0,5.29,1.0,1.0,,0.089612246,-3.0,0.0
2.8134108,18.0,18.0,32.0,10.24,1.0,1.0,,0.049263954,0.0,0.0
2.7641468,18.0,18.0,32.0,10.24,1.0,1.0,1.0,-0.049263954,0.0,0.0
2.2246234,12.0,12.0,37.0,13.69,0.0,1.0,1.0,0.05556965,-2.0,-2.0
2.1690538,14.0,14.0,37.0,13.69,0.0,1.0,,-0.05556965,2.0,2.0
2.2115657,12.0,12.0,28.0,7.84,1.0,1.0,1.0,-0.34411,0.0,0.0
2.5556757,12.0,12.0,28.0,7.84,1.0,1.0,,0.34411,0.0,0.0
2.014903,16.0,16.0,57.0,32.49,1.0,1.0,1.0,0.06899297,2.0,2.0
1.9459101,14.0,14.0,57.0,32.49,1.0,1.0,,-0.06899297,-2.0,-2.0
2.7794402,12.0,12.0,33.0,10.89,0.0,1.0,,-0.2032063,0.0,0.0
2.9826465,12.0,12.0,33.0,10.89,0.0,1.0,1.0,0.2032063,0.0,0.0
2.3434072,12.0,12.0,56.0,31.36,0.0,1.0,1.0,-0.22154212,0.0,0.0
2.5649493,12.0,12.0,56.0,31.36,0.0,1.0,,0.22154212,0.0,0.0
2.8667612,12.0,12.0,38.0,14.44,1.0,1.0,1.0,0.9498385,0.0,0.0
1.9169227,12.0,12.0,38.0,14.44,1.0,1.0,,-0.9498385,0.0,0.0
2.7080503,16.0,16.0,36.0,12.96,1.0,0.0,,-0.20067072,0.0,0.0
2.908721,16.0,16.0,36.0,12.96,1.0,0.0,1.0,0.20067072,0.0,0.0
2.7047112,12.0,12.0,36.0,12.96,0.0,1.0,,0.27637482,-2.0,-1.0
2.4283364,14.0,13.0,36.0,12.96,0.0,1.0,1.0,-0.27637482,2.0,1.0
2.3025851,15.0,15.0,32.0,10.24,0.0,1.0,1.0,-0.18392396,2.0,3.0
2.486509,13.0,12.0,32.0,10.24,0.0,1.0,,0.18392396,-2.0,-3.0
2.8009326,12.0,12.0,57.0,32.49,0.0,1.0,,0.1585393,0.0,0.0
2.6423934,12.0,12.0,57.0,32.49,0.0,1.0,1.0,-0.1585393,0.0,0.0
1.609438,16.0,16.0,24.0,5.76,0.0,1.0,1.0,0.0,0.0,0.0
1.609438,16.0,16.0,24.0,5.76,0.0,1.0,,0.0,0.0,0.0
2.3749058,12.0,12.0,42.0,17.64,0.0,1.0,1.0,-0.31430125,0.0,0.0
2.689207,12.0,12.0,42.0,17.64,0.0,1.0,,0.31430125,0.0,0.0
2.4596248,13.0,13.0,34.0,11.56,1.0,1.0,,0.10094333,0.0,1.0
2.3586814,13.0,12.0,34.0,11.56,1.0,1.0,1.0,-0.10094333,0.0,-1.0
2.3942523,16.0,16.0,27.0,7.29,1.0,1.0,,-0.51755476,0.0,0.0
2.911807,16.0,16.0,27.0,7.29,1.0,1.0,1.0,0.51755476,0.0,0.0
3.2293472,16.0,16.0,38.0,14.44,1.0,1.0,,0.041722536,-2.0,0.0
3.1876247,18.0,16.0,38.0,14.44,1.0,1.0,1.0,-0.041722536,2.0,0.0
1.9459101,12.0,12.0,28.0,7.84,1.0,1.0,,0.0,0.0,0.0
1.9459101,12.0,12.0,28.0,7.84,1.0,1.0,1.0,0.0,0.0,0.0
2.1737552,13.0,12.0,33.0,10.89,0.0,1.0,,0.30195296,-1.5,0.0
1.8718022,14.5,12.0,33.0,10.89,0.0,1.0,1.0,-0.30195296,1.5,0.0
1.7298839,12.0,12.0,31.0,9.61,1.0,1.0,1.0,-0.32295704,0.0,0.0
2.052841,12.0,12.0,31.0,9.61,1.0,1.0,,0.32295704,0.0,0.0
1.9865035,10.0,12.0,47.0,22.09,1.0,1.0,,0.16195416,-2.0,2.0
1.8245493,12.0,10.0,47.0,22.09,1.0,1.0,1.0,-0.16195416,2.0,-2.0
